customer_id,age,gender,annual_income,purchase_amount,purchase_count,join_date,last_purchase_date,avg_purchase_interval_days,total_spent,label_churn
1,56,female,75922,3385.37,32,2021-01-10 10:09:03.475345,2024-01-07 10:09:03.475345,87,108331.84,0
2,69,male,68231,667.15,26,2016-09-12 10:09:03.475345,2017-09-02 10:09:03.475345,90,17345.9,0
3,46,male,49301,1178.58,16,2018-07-30 10:09:03.475345,2021-08-23 10:09:03.475345,27,18857.28,0
4,32,male,111652,3935.88,25,2018-02-24 10:09:03.475345,2018-12-29 10:09:03.475345,73,98397.0,0
5,60,male,82711,4854.12,54,2018-10-28 10:09:03.475345,2022-11-13 10:09:03.475345,56,262122.48,1
6,25,male,61323,1320.75,28,2019-07-21 10:09:03.475345,2019-11-07 10:09:03.475345,64,36981.0,0
7,38,male,38752,1365.13,73,2022-06-14 10:09:03.475345,2022-06-16 10:09:03.475345,58,99654.49,0
8,56,male,117912,2369.76,56,2022-08-19 10:09:03.475345,2023-03-23 10:09:03.475345,70,132706.56,0
9,36,male,102205,4919.36,65,2018-08-28 10:09:03.475345,2020-11-25 10:09:03.475345,63,319758.4,0
10,40,female,118452,1352.11,93,2023-03-28 10:09:03.475345,2024-09-28 10:09:03.475345,19,125746.23,0
11,28,female,33395,2040.79,86,2015-01-11 10:09:03.475345,2021-09-21 10:09:03.475345,24,175507.94,0
12,28,female,105957,4458.49,80,2017-12-13 10:09:03.475345,2020-05-27 10:09:03.475345,62,356679.2,0
13,41,female,76273,24.58,41,2015-06-13 10:09:03.475345,2021-11-05 10:09:03.475345,28,1007.78,1
14,53,female,111878,208.43,51,2019-10-18 10:09:03.475345,2023-12-29 10:09:03.475345,41,10629.93,0
15,57,male,24895,3024.32,71,2019-09-10 10:09:03.475345,2024-03-01 10:09:03.475345,18,214726.72,0
16,41,female,96559,4537.83,78,2018-08-20 10:09:03.475345,2022-10-09 10:09:03.475345,34,353950.74,0
17,20,female,30699,1201.89,29,2019-07-27 10:09:03.475345,2022-09-08 10:09:03.475345,37,34854.81,0
18,39,female,85061,2353.51,83,2017-09-25 10:09:03.475345,2020-02-18 10:09:03.475345,71,195341.33,0
19,19,male,29715,2257.82,19,2020-05-19 10:09:03.475345,2023-01-26 10:09:03.475345,72,42898.58,0
20,41,male,39169,2370.13,66,2020-05-03 10:09:03.475345,2023-07-18 10:09:03.475345,36,156428.58,1
21,61,male,36163,3116.37,41,2018-04-08 10:09:03.475345,2022-03-27 10:09:03.475345,47,127771.17,0
22,47,male,25782,2354.02,45,2021-10-11 10:09:03.475345,2022-11-29 10:09:03.475345,79,105930.9,0
23,55,female,108177,2242.87,15,2017-03-01 10:09:03.475345,2018-02-22 10:09:03.475345,24,33643.05,1
24,19,female,104328,2376.7,3,2014-11-03 10:09:03.475345,2015-02-14 10:09:03.475345,65,7130.1,0
25,38,male,55585,2958.43,11,2018-07-05 10:09:03.475345,2022-02-12 10:09:03.475345,55,32542.73,0
26,50,non-binary,50682,2689.67,53,2023-03-15 10:09:03.475345,2023-07-23 10:09:03.475345,83,142552.51,0
27,29,female,67864,4272.14,46,2022-08-19 10:09:03.475345,2023-10-29 10:09:03.475345,12,196518.44,0
28,39,male,104416,256.99,30,2016-02-19 10:09:03.475345,2017-11-01 10:09:03.475345,29,7709.7,0
29,61,male,75114,4168.25,57,2021-05-17 10:09:03.475345,2021-07-07 10:09:03.475345,39,237590.25,0
30,42,male,58067,4221.18,18,2022-11-11 10:09:03.475345,2023-10-22 10:09:03.475345,39,75981.24,0
31,66,male,62685,1431.69,51,2018-04-15 10:09:03.475345,2021-07-11 10:09:03.475345,11,73016.19,0
32,44,male,38073,2319.63,48,2016-10-31 10:09:03.475345,2022-06-15 10:09:03.475345,78,111342.24,0
33,59,male,56035,2198.31,66,2015-04-21 10:09:03.475345,2020-10-13 10:09:03.475345,22,145088.46,0
34,45,male,84977,1100.36,96,2023-04-09 10:09:03.475345,2024-06-22 10:09:03.475345,81,105634.56,0
35,33,male,110373,1990.02,8,2021-04-01 10:09:03.475345,2022-10-25 10:09:03.475345,73,15920.16,0
36,32,female,103362,231.49,22,2017-11-30 10:09:03.475345,2018-02-15 10:09:03.475345,90,5092.78,0
37,64,male,110517,1396.33,6,2020-12-24 10:09:03.475345,2021-03-03 10:09:03.475345,50,8377.98,0
38,68,female,85450,4085.24,76,2019-11-24 10:09:03.475345,2022-06-11 10:09:03.475345,2,310478.24,0
39,61,male,30382,1429.97,57,2021-10-11 10:09:03.475345,2024-10-06 10:09:03.475345,59,81508.29,1
40,69,non-binary,24437,4092.85,36,2018-06-26 10:09:03.475345,2022-05-04 10:09:03.475345,79,147342.6,0
41,20,male,90971,2662.68,79,2019-12-20 10:09:03.475345,2020-08-04 10:09:03.475345,1,210351.72,0
42,54,male,84612,4400.51,92,2020-07-15 10:09:03.475345,2023-11-20 10:09:03.475345,79,404846.92,0
43,68,non-binary,110355,2878.15,57,2019-12-02 10:09:03.475345,2020-04-23 10:09:03.475345,25,164054.55,0
44,24,female,81929,158.04,49,2020-10-24 10:09:03.475345,2023-10-20 10:09:03.475345,59,7743.96,0
45,38,female,117518,3380.35,45,2014-12-31 10:09:03.475345,2019-09-18 10:09:03.475345,10,152115.75,1
46,26,male,118864,233.82,82,2017-08-13 10:09:03.475345,2019-04-11 10:09:03.475345,70,19173.24,0
47,56,male,32329,2258.48,66,2023-06-12 10:09:03.475345,2023-08-21 10:09:03.475345,40,149059.68,0
48,35,female,45169,4647.84,77,2022-06-22 10:09:03.475345,2024-06-03 10:09:03.475345,39,357883.68,0
49,21,female,107468,834.37,45,2020-11-13 10:09:03.475345,2023-09-08 10:09:03.475345,29,37546.65,1
50,42,female,54594,1955.46,79,2020-08-27 10:09:03.475345,2021-01-29 10:09:03.475345,51,154481.34,0
51,31,female,96957,3652.0,20,2018-04-22 10:09:03.475345,2022-12-20 10:09:03.475345,27,73040.0,1
52,67,male,80631,4412.47,64,2015-10-04 10:09:03.475345,2018-11-08 10:09:03.475345,26,282398.08,0
53,26,female,65033,3358.01,93,2017-04-11 10:09:03.475345,2023-06-27 10:09:03.475345,3,312294.93,0
54,43,male,83133,1298.28,93,2022-03-01 10:09:03.475345,2022-06-03 10:09:03.475345,40,120740.04,0
55,19,male,93165,3376.29,67,2023-04-20 10:09:03.475345,2023-05-04 10:09:03.475345,83,226211.43,0
56,37,male,93861,1490.67,83,2015-12-06 10:09:03.475345,2022-12-19 10:09:03.475345,59,123725.61,0
57,45,female,72290,3594.96,3,2016-09-29 10:09:03.475345,2024-07-26 10:09:03.475345,29,10784.88,0
58,64,male,114031,4770.63,54,2018-01-16 10:09:03.475345,2023-05-16 10:09:03.475345,15,257614.02,0
59,24,male,51750,3609.75,78,2022-12-20 10:09:03.475345,2023-12-01 10:09:03.475345,17,281560.5,0
60,61,female,115155,4315.77,64,2022-05-24 10:09:03.475345,2024-07-31 10:09:03.475345,58,276209.28,0
61,25,male,60461,20.5,40,2021-07-06 10:09:03.475345,2022-02-06 10:09:03.475345,42,820.0,0
62,64,female,93800,3590.68,59,2023-02-13 10:09:03.475345,2023-03-20 10:09:03.475345,31,211850.12,0
63,52,male,98222,4149.64,55,2022-05-14 10:09:03.475345,2023-07-09 10:09:03.475345,73,228230.2,0
64,31,female,44226,212.39,62,2019-07-26 10:09:03.475345,2020-09-28 10:09:03.475345,83,13168.18,0
65,34,female,26721,4359.27,4,2022-10-26 10:09:03.475345,2023-08-29 10:09:03.475345,1,17437.08,0
66,53,male,76154,1290.9,60,2015-06-12 10:09:03.475345,2019-11-15 10:09:03.475345,5,77454.0,0
67,67,male,40609,3329.81,75,2021-03-19 10:09:03.475345,2023-02-09 10:09:03.475345,21,249735.75,0
68,57,male,72130,4003.77,95,2022-02-07 10:09:03.475345,2023-05-06 10:09:03.475345,67,380358.15,0
69,21,male,92909,3316.7,96,2015-09-12 10:09:03.475345,2024-03-11 10:09:03.475345,36,318403.2,0
70,19,non-binary,75249,470.5,91,2017-05-13 10:09:03.475345,2023-07-13 10:09:03.475345,14,42815.5,0
71,23,male,68895,2985.64,30,2014-11-07 10:09:03.475345,2015-11-03 10:09:03.475345,44,89569.2,0
72,59,female,114473,2752.42,2,2023-06-28 10:09:03.475345,2023-10-25 10:09:03.475345,72,5504.84,0
73,21,male,25656,4502.6,62,2017-01-26 10:09:03.475345,2021-06-14 10:09:03.475345,48,279161.2,0
74,46,female,94520,2027.16,49,2018-10-27 10:09:03.475345,2023-03-01 10:09:03.475345,51,99330.84,0
75,35,female,83740,1612.19,9,2019-11-14 10:09:03.475345,2021-08-05 10:09:03.475345,45,14509.71,0
76,43,female,84309,3751.76,92,2016-05-19 10:09:03.475345,2016-11-13 10:09:03.475345,33,345161.92,0
77,61,male,49984,2069.25,31,2015-12-12 10:09:03.475345,2017-04-01 10:09:03.475345,17,64146.75,0
78,51,male,93822,3234.02,98,2021-10-03 10:09:03.475345,2023-10-31 10:09:03.475345,59,316933.96,0
79,27,male,25901,3235.79,61,2021-11-19 10:09:03.475345,2022-04-11 10:09:03.475345,14,197383.19,0
80,53,female,51552,4441.31,79,2020-02-28 10:09:03.475345,2023-03-25 10:09:03.475345,13,350863.49,0
81,31,female,111245,2997.48,48,2023-07-15 10:09:03.475345,2023-09-02 10:09:03.475345,47,143879.04,1
82,48,non-binary,51055,2515.75,25,2016-07-20 10:09:03.475345,2019-07-21 10:09:03.475345,69,62893.75,0
83,65,male,57685,702.97,36,2016-10-13 10:09:03.475345,2018-12-19 10:09:03.475345,17,25306.92,0
84,32,female,93965,587.53,8,2023-09-20 10:09:03.475345,2024-09-04 10:09:03.475345,10,4700.24,0
85,25,female,34716,780.06,73,2022-06-27 10:09:03.475345,2023-05-19 10:09:03.475345,88,56944.38,0
86,31,male,31138,867.52,58,2017-03-21 10:09:03.475345,2022-03-01 10:09:03.475345,1,50316.16,0
87,40,male,55298,3193.01,45,2020-09-14 10:09:03.475345,2024-03-15 10:09:03.475345,3,143685.45,0
88,57,female,71112,3707.5,62,2021-03-12 10:09:03.475345,2023-05-16 10:09:03.475345,33,229865.0,0
89,38,female,43429,2654.66,39,2015-11-09 10:09:03.475345,2017-01-13 10:09:03.475345,42,103531.74,0
90,33,female,70200,4146.8,96,2017-08-03 10:09:03.475345,2023-10-22 10:09:03.475345,26,398092.8,1
91,62,male,91308,4956.4,58,2019-06-05 10:09:03.475345,2020-03-23 10:09:03.475345,28,287471.2,0
92,35,female,68244,4101.86,81,2022-07-03 10:09:03.475345,2024-07-02 10:09:03.475345,53,332250.66,0
93,64,male,37347,3477.46,99,2023-08-25 10:09:03.475345,2024-03-18 10:09:03.475345,40,344268.54,0
94,41,male,36920,2667.14,83,2019-06-07 10:09:03.475345,2021-02-07 10:09:03.475345,28,221372.62,0
95,43,male,51822,2249.78,64,2015-05-21 10:09:03.475345,2023-03-16 10:09:03.475345,49,143985.92,0
96,42,female,66659,431.12,44,2023-04-12 10:09:03.475345,2023-07-12 10:09:03.475345,77,18969.28,0
97,62,female,60108,2002.85,29,2016-10-04 10:09:03.475345,2019-08-22 10:09:03.475345,53,58082.65,0
98,58,female,109099,4551.57,59,2020-10-11 10:09:03.475345,2022-04-12 10:09:03.475345,42,268542.63,0
99,46,male,27967,4042.03,71,2021-02-15 10:09:03.475345,2024-06-24 10:09:03.475345,12,286984.13,0
100,32,female,31871,1088.1,92,2018-08-17 10:09:03.475345,2024-08-11 10:09:03.475345,33,100105.2,0
101,62,male,114299,2338.37,9,2021-10-28 10:09:03.475345,2022-02-25 10:09:03.475345,73,21045.33,0
102,18,female,97452,4085.45,92,2020-06-29 10:09:03.475345,2024-03-02 10:09:03.475345,12,375861.4,1
103,42,male,94270,346.25,6,2014-12-23 10:09:03.475345,2021-04-20 10:09:03.475345,40,2077.5,0
104,24,male,53613,1943.09,29,2022-01-11 10:09:03.475345,2022-06-06 10:09:03.475345,44,56349.61,0
105,26,male,48179,4260.69,58,2015-08-13 10:09:03.475345,2022-08-14 10:09:03.475345,68,247120.02,0
106,41,male,72188,2025.45,17,2020-08-17 10:09:03.475345,2023-08-03 10:09:03.475345,17,34432.65,0
107,18,female,75099,397.3,16,2020-08-06 10:09:03.475345,2020-11-21 10:09:03.475345,37,6356.8,0
108,61,female,55262,2717.25,87,2015-05-22 10:09:03.475345,2024-05-21 10:09:03.475345,34,236400.75,0
109,25,male,98213,4310.1,95,2021-02-20 10:09:03.475345,2022-09-28 10:09:03.475345,76,409459.5,1
110,41,female,38268,2955.52,3,2018-09-20 10:09:03.475345,2022-08-28 10:09:03.475345,23,8866.56,0
111,28,male,97866,1139.13,21,2017-10-18 10:09:03.475345,2023-03-23 10:09:03.475345,53,23921.73,0
112,68,female,106269,1927.36,64,2015-05-26 10:09:03.475345,2021-12-01 10:09:03.475345,35,123351.04,0
113,34,female,80545,2256.12,90,2021-01-30 10:09:03.475345,2024-09-11 10:09:03.475345,65,203050.8,0
114,25,female,112822,2900.54,36,2015-10-27 10:09:03.475345,2023-05-25 10:09:03.475345,11,104419.44,0
115,52,male,92146,3799.16,86,2020-05-16 10:09:03.475345,2022-05-28 10:09:03.475345,17,326727.76,0
116,52,female,91966,503.38,62,2017-10-22 10:09:03.475345,2023-05-11 10:09:03.475345,31,31209.56,0
117,50,female,59922,4449.36,42,2017-10-10 10:09:03.475345,2021-04-17 10:09:03.475345,81,186873.12,0
118,22,male,99364,71.43,76,2019-03-12 10:09:03.475345,2024-06-12 10:09:03.475345,16,5428.68,0
119,59,male,62913,1856.56,42,2016-08-25 10:09:03.475345,2019-07-14 10:09:03.475345,48,77975.52,1
120,56,female,117033,146.83,61,2022-10-27 10:09:03.475345,2023-11-10 10:09:03.475345,68,8956.63,0
121,58,female,75677,1970.94,13,2016-06-02 10:09:03.475345,2019-04-16 10:09:03.475345,42,25622.22,0
122,45,female,69841,2633.8,11,2018-01-29 10:09:03.475345,2018-04-20 10:09:03.475345,45,28971.8,0
123,24,female,66332,2563.29,54,2017-06-20 10:09:03.475345,2024-05-16 10:09:03.475345,72,138417.66,0
124,26,female,112062,836.49,16,2022-01-10 10:09:03.475345,2023-02-25 10:09:03.475345,73,13383.84,0
125,25,male,115694,3232.25,8,2019-06-06 10:09:03.475345,2024-08-01 10:09:03.475345,33,25858.0,0
126,29,male,45032,233.44,59,2015-08-22 10:09:03.475345,2023-10-09 10:09:03.475345,3,13772.96,0
127,51,male,57846,3811.92,57,2022-07-29 10:09:03.475345,2023-08-15 10:09:03.475345,75,217279.44,0
128,50,female,79474,4733.76,40,2023-04-05 10:09:03.475345,2024-04-14 10:09:03.475345,34,189350.4,0
129,65,male,64936,1705.45,59,2018-11-05 10:09:03.475345,2022-02-27 10:09:03.475345,11,100621.55,1
130,40,female,49794,2591.02,2,2015-11-18 10:09:03.475345,2022-06-27 10:09:03.475345,35,5182.04,0
131,41,female,81588,1900.76,94,2018-09-04 10:09:03.475345,2021-02-12 10:09:03.475345,76,178671.44,0
132,54,female,90984,43.48,94,2023-01-24 10:09:03.475345,2023-02-04 10:09:03.475345,76,4087.12,0
133,52,male,70331,1935.51,76,2023-09-26 10:09:03.475345,2024-03-18 10:09:03.475345,79,147098.76,0
134,61,female,114397,3960.68,10,2016-04-04 10:09:03.475345,2019-11-15 10:09:03.475345,64,39606.8,0
135,57,male,48141,2983.98,44,2019-10-11 10:09:03.475345,2023-07-25 10:09:03.475345,73,131295.12,0
136,39,female,29074,515.29,11,2018-04-19 10:09:03.475345,2021-04-25 10:09:03.475345,71,5668.19,0
137,44,male,26406,4237.23,79,2019-06-25 10:09:03.475345,2021-09-02 10:09:03.475345,16,334741.17,0
138,52,male,117359,2660.12,80,2018-02-03 10:09:03.475345,2022-09-27 10:09:03.475345,33,212809.6,0
139,18,female,43291,4210.2,81,2022-09-16 10:09:03.475345,2023-07-08 10:09:03.475345,44,341026.2,0
140,52,male,61568,2905.31,90,2017-04-21 10:09:03.475345,2024-01-02 10:09:03.475345,80,261477.9,0
141,54,male,117539,2802.85,2,2020-08-02 10:09:03.475345,2022-06-28 10:09:03.475345,27,5605.7,0
142,64,female,66851,535.24,50,2023-09-09 10:09:03.475345,2024-04-25 10:09:03.475345,42,26762.0,0
143,31,female,119942,845.13,12,2019-07-07 10:09:03.475345,2023-06-17 10:09:03.475345,8,10141.56,0
144,20,female,74823,4860.41,90,2019-06-30 10:09:03.475345,2024-06-22 10:09:03.475345,14,437436.9,0
145,18,female,43312,1150.15,23,2018-12-28 10:09:03.475345,2023-03-29 10:09:03.475345,85,26453.45,0
146,22,female,63108,4887.49,18,2016-04-10 10:09:03.475345,2018-09-09 10:09:03.475345,12,87974.82,0
147,43,male,86918,2664.24,62,2023-07-06 10:09:03.475345,2024-08-21 10:09:03.475345,39,165182.88,0
148,31,male,54171,687.59,96,2021-07-31 10:09:03.475345,2022-10-12 10:09:03.475345,21,66008.64,0
149,56,male,61779,505.52,62,2015-08-22 10:09:03.475345,2023-09-11 10:09:03.475345,41,31342.24,0
150,44,female,88828,1052.23,38,2020-12-07 10:09:03.475345,2022-04-08 10:09:03.475345,48,39984.74,0
151,26,female,118723,4628.93,67,2015-12-22 10:09:03.475345,2019-05-08 10:09:03.475345,73,310138.31,0
152,32,male,32411,2076.61,38,2015-06-21 10:09:03.475345,2024-04-25 10:09:03.475345,30,78911.18,0
153,32,male,77009,1983.22,67,2014-11-23 10:09:03.475345,2021-05-01 10:09:03.475345,35,132875.74,0
154,43,female,35422,1572.9,94,2015-05-04 10:09:03.475345,2019-09-06 10:09:03.475345,25,147852.6,0
155,59,male,62468,743.84,61,2018-12-18 10:09:03.475345,2023-03-09 10:09:03.475345,35,45374.24,0
156,30,female,52371,2444.38,1,2020-07-20 10:09:03.475345,2021-04-07 10:09:03.475345,11,2444.38,1
157,68,female,77022,658.94,94,2019-12-03 10:09:03.475345,2021-04-29 10:09:03.475345,41,61940.36,0
158,49,female,91229,4179.05,45,2020-09-22 10:09:03.475345,2024-05-01 10:09:03.475345,13,188057.25,0
159,56,male,119071,1858.28,96,2017-03-30 10:09:03.475345,2020-02-05 10:09:03.475345,64,178394.88,1
160,66,female,71196,1880.27,28,2020-08-05 10:09:03.475345,2020-10-26 10:09:03.475345,33,52647.56,1
161,69,female,100354,2375.29,21,2015-04-11 10:09:03.475345,2021-08-08 10:09:03.475345,12,49881.09,0
162,49,female,116774,2226.2,13,2017-03-07 10:09:03.475345,2023-12-20 10:09:03.475345,42,28940.6,0
163,21,female,116410,4974.34,27,2018-12-30 10:09:03.475345,2022-06-01 10:09:03.475345,37,134307.18,0
164,47,female,46715,2731.45,7,2016-12-07 10:09:03.475345,2023-12-24 10:09:03.475345,8,19120.15,0
165,54,female,47605,450.13,22,2021-12-18 10:09:03.475345,2022-05-24 10:09:03.475345,70,9902.86,0
166,40,male,119853,3038.32,74,2022-01-16 10:09:03.475345,2024-05-14 10:09:03.475345,90,224835.68,0
167,56,female,51174,766.41,53,2018-07-30 10:09:03.475345,2021-03-15 10:09:03.475345,73,40619.73,0
168,62,female,29956,164.38,79,2020-06-20 10:09:03.475345,2022-09-04 10:09:03.475345,48,12986.02,1
169,32,male,96373,4854.0,79,2021-11-15 10:09:03.475345,2022-02-18 10:09:03.475345,80,383466.0,0
170,60,female,89252,3869.96,4,2015-12-23 10:09:03.475345,2021-06-28 10:09:03.475345,82,15479.84,0
171,46,female,81949,4900.74,96,2023-06-18 10:09:03.475345,2024-05-13 10:09:03.475345,14,470471.04,0
172,53,female,82646,2394.61,23,2022-09-24 10:09:03.475345,2022-12-19 10:09:03.475345,80,55076.03,0
173,30,male,90017,2665.97,70,2019-09-20 10:09:03.475345,2022-10-16 10:09:03.475345,11,186617.9,0
174,49,male,83037,850.0,88,2019-08-30 10:09:03.475345,2023-04-05 10:09:03.475345,55,74800.0,0
175,24,non-binary,109818,1242.07,84,2017-11-09 10:09:03.475345,2022-04-21 10:09:03.475345,58,104333.88,0
176,68,female,26548,4194.36,84,2015-05-10 10:09:03.475345,2021-09-28 10:09:03.475345,52,352326.24,0
177,39,male,93294,1787.37,76,2020-03-06 10:09:03.475345,2020-09-03 10:09:03.475345,61,135840.12,0
178,45,female,43177,4135.81,33,2021-04-12 10:09:03.475345,2022-08-25 10:09:03.475345,47,136481.73,1
179,19,female,44022,3547.98,28,2020-08-24 10:09:03.475345,2020-09-12 10:09:03.475345,9,99343.44,0
180,59,female,25542,894.08,8,2014-11-16 10:09:03.475345,2019-09-06 10:09:03.475345,58,7152.64,0
181,62,female,111012,2542.16,1,2022-06-03 10:09:03.475345,2022-11-06 10:09:03.475345,20,2542.16,0
182,23,male,116320,3390.16,37,2019-07-14 10:09:03.475345,2021-05-08 10:09:03.475345,48,125435.92,0
183,45,male,80428,1182.84,63,2022-09-15 10:09:03.475345,2022-10-16 10:09:03.475345,61,74518.92,0
184,45,male,42740,4155.14,22,2022-12-23 10:09:03.475345,2023-02-17 10:09:03.475345,1,91413.08,0
185,61,female,79353,2728.69,70,2017-08-13 10:09:03.475345,2018-06-18 10:09:03.475345,53,191008.3,0
186,61,male,110353,834.56,21,2018-04-09 10:09:03.475345,2024-03-10 10:09:03.475345,10,17525.76,0
187,37,male,76532,2919.09,96,2016-03-24 10:09:03.475345,2022-05-31 10:09:03.475345,36,280232.64,0
188,47,male,36052,4998.57,35,2021-05-27 10:09:03.475345,2022-02-06 10:09:03.475345,45,174949.95,0
189,28,female,67076,761.1,79,2021-10-06 10:09:03.475345,2023-01-19 10:09:03.475345,38,60126.9,0
190,45,female,73420,4085.62,5,2016-04-25 10:09:03.475345,2024-08-22 10:09:03.475345,66,20428.1,0
191,42,male,20671,1044.47,60,2022-04-02 10:09:03.475345,2022-10-31 10:09:03.475345,9,62668.2,0
192,56,male,20163,3914.12,46,2018-02-23 10:09:03.475345,2023-12-18 10:09:03.475345,13,180049.52,0
193,50,female,61424,3675.54,50,2016-02-11 10:09:03.475345,2020-03-06 10:09:03.475345,42,183777.0,0
194,18,male,73744,1509.44,48,2022-12-16 10:09:03.475345,2024-08-12 10:09:03.475345,27,72453.12,0
195,44,male,90331,1635.86,6,2021-02-07 10:09:03.475345,2021-06-06 10:09:03.475345,14,9815.16,0
196,69,male,30634,3964.68,89,2019-06-12 10:09:03.475345,2019-06-21 10:09:03.475345,63,352856.52,0
197,30,male,24798,2312.61,56,2021-05-18 10:09:03.475345,2021-07-28 10:09:03.475345,9,129506.16,0
198,58,male,42420,3656.78,59,2017-11-21 10:09:03.475345,2019-11-17 10:09:03.475345,8,215750.02,0
199,20,female,49300,748.44,29,2018-06-15 10:09:03.475345,2021-05-01 10:09:03.475345,22,21704.76,0
200,56,male,109881,4264.26,71,2017-08-18 10:09:03.475345,2018-03-12 10:09:03.475345,51,302762.46,0
201,23,female,30749,3557.31,77,2019-08-03 10:09:03.475345,2023-11-27 10:09:03.475345,69,273912.87,0
202,25,male,45121,4535.64,18,2022-09-09 10:09:03.475345,2024-01-08 10:09:03.475345,35,81641.52,0
203,44,female,57487,670.54,2,2017-01-16 10:09:03.475345,2021-11-11 10:09:03.475345,34,1341.08,0
204,26,female,113947,2969.14,8,2023-04-20 10:09:03.475345,2024-01-05 10:09:03.475345,26,23753.12,1
205,54,male,53361,2999.61,75,2017-08-07 10:09:03.475345,2021-05-17 10:09:03.475345,64,224970.75,0
206,50,female,41223,1773.77,97,2017-09-11 10:09:03.475345,2022-07-01 10:09:03.475345,73,172055.69,1
207,68,male,92930,2297.75,54,2022-04-29 10:09:03.475345,2023-09-05 10:09:03.475345,6,124078.5,1
208,59,non-binary,34056,199.53,38,2023-07-14 10:09:03.475345,2024-03-31 10:09:03.475345,61,7582.14,0
209,61,male,48380,3731.84,48,2020-02-18 10:09:03.475345,2021-04-22 10:09:03.475345,33,179128.32,0
210,41,male,46035,2751.12,27,2021-11-07 10:09:03.475345,2022-01-04 10:09:03.475345,69,74280.24,1
211,32,male,50620,298.13,20,2022-05-05 10:09:03.475345,2023-10-31 10:09:03.475345,60,5962.6,0
212,49,non-binary,39877,3406.97,12,2021-11-10 10:09:03.475345,2023-04-20 10:09:03.475345,43,40883.64,0
213,49,female,75316,2339.24,43,2015-04-22 10:09:03.475345,2018-02-15 10:09:03.475345,72,100587.32,0
214,41,female,84041,181.96,61,2021-04-28 10:09:03.475345,2023-05-05 10:09:03.475345,49,11099.56,0
215,58,male,73352,4848.34,31,2021-04-18 10:09:03.475345,2022-03-25 10:09:03.475345,6,150298.54,0
216,69,female,50911,4746.07,91,2018-06-09 10:09:03.475345,2020-04-21 10:09:03.475345,13,431892.37,0
217,66,male,52784,2569.38,96,2016-01-29 10:09:03.475345,2016-03-03 10:09:03.475345,6,246660.48,0
218,66,female,23191,477.43,61,2016-12-13 10:09:03.475345,2023-08-27 10:09:03.475345,26,29123.23,0
219,69,male,53160,3775.56,74,2020-12-12 10:09:03.475345,2023-11-08 10:09:03.475345,68,279391.44,1
220,29,male,110536,2464.74,67,2015-09-24 10:09:03.475345,2015-12-16 10:09:03.475345,48,165137.58,0
221,56,male,84641,1519.21,91,2016-12-14 10:09:03.475345,2019-08-01 10:09:03.475345,6,138248.11,0
222,19,male,69723,2462.18,35,2021-05-11 10:09:03.475345,2024-08-17 10:09:03.475345,19,86176.3,0
223,20,female,23631,2617.0,95,2016-08-02 10:09:03.475345,2021-09-18 10:09:03.475345,51,248615.0,0
224,66,male,26172,2817.93,15,2019-01-09 10:09:03.475345,2022-06-27 10:09:03.475345,81,42268.95,0
225,54,female,62080,2211.71,16,2019-07-14 10:09:03.475345,2024-02-21 10:09:03.475345,56,35387.36,1
226,66,male,109097,3032.72,13,2017-02-14 10:09:03.475345,2019-10-08 10:09:03.475345,20,39425.36,0
227,34,female,110353,4594.49,35,2015-11-23 10:09:03.475345,2023-02-10 10:09:03.475345,42,160807.15,0
228,66,male,40281,1817.72,75,2021-06-30 10:09:03.475345,2023-10-16 10:09:03.475345,59,136329.0,0
229,19,male,48671,3631.33,59,2018-11-13 10:09:03.475345,2022-06-10 10:09:03.475345,80,214248.47,0
230,19,female,71431,4473.32,21,2016-05-31 10:09:03.475345,2018-04-13 10:09:03.475345,8,93939.72,1
231,45,male,110900,2285.34,54,2016-01-27 10:09:03.475345,2020-09-23 10:09:03.475345,23,123408.36,0
232,40,male,112961,2222.84,75,2022-08-01 10:09:03.475345,2022-09-06 10:09:03.475345,84,166713.0,0
233,54,female,48602,3014.56,30,2017-09-11 10:09:03.475345,2019-04-01 10:09:03.475345,21,90436.8,0
234,49,female,108789,2961.12,48,2016-03-09 10:09:03.475345,2020-03-25 10:09:03.475345,88,142133.76,1
235,50,male,71399,4034.88,35,2017-06-08 10:09:03.475345,2022-07-13 10:09:03.475345,6,141220.8,0
236,18,male,43472,2387.65,86,2017-06-25 10:09:03.475345,2023-05-02 10:09:03.475345,87,205337.9,0
237,36,female,69230,4980.65,38,2022-01-20 10:09:03.475345,2024-02-03 10:09:03.475345,63,189264.7,0
238,19,male,93616,306.76,31,2023-01-01 10:09:03.475345,2023-02-18 10:09:03.475345,59,9509.56,1
239,61,male,27099,25.81,78,2016-10-12 10:09:03.475345,2020-08-16 10:09:03.475345,2,2013.18,0
240,43,male,45431,3204.59,24,2019-06-12 10:09:03.475345,2023-04-11 10:09:03.475345,5,76910.16,0
241,49,female,76492,1499.19,49,2020-05-12 10:09:03.475345,2023-07-03 10:09:03.475345,7,73460.31,0
242,23,female,116722,1209.51,96,2018-06-26 10:09:03.475345,2021-04-05 10:09:03.475345,7,116112.96,0
243,49,male,67684,1566.38,32,2020-10-07 10:09:03.475345,2022-09-29 10:09:03.475345,79,50124.16,0
244,21,male,50111,1287.68,55,2022-07-14 10:09:03.475345,2023-02-12 10:09:03.475345,18,70822.4,0
245,28,male,83936,163.64,79,2015-03-10 10:09:03.475345,2016-04-05 10:09:03.475345,85,12927.56,1
246,34,female,42614,4857.95,58,2015-07-11 10:09:03.475345,2024-08-17 10:09:03.475345,45,281761.1,0
247,55,male,112260,1111.52,99,2019-09-27 10:09:03.475345,2024-03-01 10:09:03.475345,41,110040.48,1
248,41,male,61991,3672.81,3,2020-06-12 10:09:03.475345,2022-06-09 10:09:03.475345,71,11018.43,0
249,22,female,90476,3815.36,80,2020-12-01 10:09:03.475345,2021-07-14 10:09:03.475345,45,305228.8,0
250,69,male,80920,4646.99,69,2023-02-03 10:09:03.475345,2024-02-25 10:09:03.475345,28,320642.31,0
251,51,female,114294,162.44,85,2018-05-23 10:09:03.475345,2021-01-31 10:09:03.475345,59,13807.4,0
252,23,male,83530,4361.52,10,2019-03-02 10:09:03.475345,2020-08-27 10:09:03.475345,6,43615.2,1
253,39,male,56224,2640.86,83,2021-07-16 10:09:03.475345,2024-03-24 10:09:03.475345,50,219191.38,0
254,28,male,27788,3166.4,25,2016-04-25 10:09:03.475345,2022-06-24 10:09:03.475345,78,79160.0,0
255,65,female,48082,3225.91,68,2018-04-21 10:09:03.475345,2021-06-23 10:09:03.475345,2,219361.88,0
256,33,female,109570,4100.79,61,2020-02-15 10:09:03.475345,2024-01-14 10:09:03.475345,71,250148.19,0
257,50,female,96816,1673.7,29,2022-08-21 10:09:03.475345,2024-04-23 10:09:03.475345,61,48537.3,0
258,26,male,103588,3667.93,19,2019-06-04 10:09:03.475345,2020-07-22 10:09:03.475345,76,69690.67,0
259,23,female,36531,2647.6,43,2019-03-27 10:09:03.475345,2021-07-20 10:09:03.475345,85,113846.8,1
260,33,male,108340,3969.04,66,2023-07-28 10:09:03.475345,2024-05-27 10:09:03.475345,76,261956.64,0
261,46,male,114439,4952.82,74,2019-11-14 10:09:03.475345,2021-03-31 10:09:03.475345,74,366508.68,0
262,20,female,64857,1011.25,61,2016-01-29 10:09:03.475345,2019-02-18 10:09:03.475345,15,61686.25,0
263,37,male,30142,4973.3,43,2022-03-15 10:09:03.475345,2023-07-27 10:09:03.475345,62,213851.9,1
264,53,male,68355,458.16,25,2016-07-25 10:09:03.475345,2023-05-13 10:09:03.475345,52,11454.0,0
265,36,male,29866,21.56,20,2022-05-30 10:09:03.475345,2022-10-05 10:09:03.475345,22,431.2,0
266,43,male,90067,230.37,48,2018-02-15 10:09:03.475345,2020-03-22 10:09:03.475345,30,11057.76,0
267,20,male,84027,1715.49,83,2019-07-11 10:09:03.475345,2022-05-05 10:09:03.475345,54,142385.67,0
268,36,female,77906,3168.2,87,2023-02-17 10:09:03.475345,2024-09-08 10:09:03.475345,30,275633.4,0
269,37,male,48138,354.46,24,2021-05-12 10:09:03.475345,2022-05-25 10:09:03.475345,73,8507.04,1
270,49,female,112601,38.27,11,2021-10-25 10:09:03.475345,2024-04-21 10:09:03.475345,10,420.97,0
271,24,female,49956,4686.08,98,2015-09-29 10:09:03.475345,2023-09-10 10:09:03.475345,69,459235.84,0
272,69,male,96295,4111.41,55,2019-08-09 10:09:03.475345,2022-07-22 10:09:03.475345,13,226127.55,0
273,58,male,25439,4047.82,28,2022-08-06 10:09:03.475345,2023-06-07 10:09:03.475345,56,113338.96,0
274,50,male,67241,4423.28,69,2015-01-11 10:09:03.475345,2021-11-10 10:09:03.475345,66,305206.32,0
275,57,female,62533,3503.17,63,2022-06-26 10:09:03.475345,2022-12-27 10:09:03.475345,58,220699.71,0
276,56,male,48270,530.98,59,2018-12-30 10:09:03.475345,2021-10-10 10:09:03.475345,7,31327.82,0
277,35,female,98815,2001.51,5,2018-03-05 10:09:03.475345,2020-02-21 10:09:03.475345,45,10007.55,0
278,57,male,59279,3618.52,51,2015-09-29 10:09:03.475345,2018-06-13 10:09:03.475345,1,184544.52,0
279,18,female,43888,1408.87,21,2016-08-22 10:09:03.475345,2023-05-08 10:09:03.475345,74,29586.27,0
280,28,male,37630,3440.16,12,2021-02-01 10:09:03.475345,2024-07-21 10:09:03.475345,63,41281.92,1
281,45,male,81063,132.25,50,2019-07-27 10:09:03.475345,2022-10-18 10:09:03.475345,87,6612.5,0
282,42,female,55144,1537.63,4,2022-01-19 10:09:03.475345,2022-07-26 10:09:03.475345,65,6150.52,0
283,67,female,72161,2750.16,42,2020-11-27 10:09:03.475345,2020-12-09 10:09:03.475345,75,115506.72,0
284,40,male,116718,3164.13,84,2018-10-07 10:09:03.475345,2021-11-24 10:09:03.475345,80,265786.92,0
285,48,female,111074,2889.43,38,2017-05-11 10:09:03.475345,2022-01-09 10:09:03.475345,41,109798.34,0
286,47,female,97360,3491.8,25,2019-09-21 10:09:03.475345,2022-04-24 10:09:03.475345,51,87295.0,0
287,59,female,70979,40.38,14,2022-09-10 10:09:03.475345,2024-09-10 10:09:03.475345,13,565.32,0
288,52,female,117661,513.7,75,2021-03-05 10:09:03.475345,2022-11-04 10:09:03.475345,42,38527.5,0
289,24,male,26979,4346.03,32,2019-08-17 10:09:03.475345,2020-03-23 10:09:03.475345,36,139072.96,0
290,33,male,46189,3411.93,11,2020-11-05 10:09:03.475345,2023-10-29 10:09:03.475345,79,37531.23,0
291,43,male,62600,573.53,61,2023-07-19 10:09:03.475345,2024-03-04 10:09:03.475345,28,34985.33,0
292,65,female,79560,4211.95,18,2022-12-17 10:09:03.475345,2023-06-25 10:09:03.475345,46,75815.1,0
293,69,female,98040,1218.73,27,2020-09-17 10:09:03.475345,2024-01-06 10:09:03.475345,28,32905.71,0
294,66,male,81558,2396.52,55,2020-12-31 10:09:03.475345,2023-12-11 10:09:03.475345,35,131808.6,0
295,19,male,106205,734.53,54,2019-11-06 10:09:03.475345,2022-06-23 10:09:03.475345,7,39664.62,0
296,18,female,26910,3553.45,82,2019-07-06 10:09:03.475345,2024-04-04 10:09:03.475345,80,291382.9,0
297,65,non-binary,77713,3337.6,87,2022-10-22 10:09:03.475345,2023-04-23 10:09:03.475345,2,290371.2,0
298,29,female,66857,1063.45,75,2017-09-15 10:09:03.475345,2023-06-30 10:09:03.475345,19,79758.75,1
299,22,male,54964,4318.37,21,2022-03-09 10:09:03.475345,2024-06-12 10:09:03.475345,26,90685.77,0
300,54,male,105667,2012.52,44,2016-03-24 10:09:03.475345,2021-12-24 10:09:03.475345,60,88550.88,0
301,49,male,45227,1469.65,5,2016-10-01 10:09:03.475345,2019-04-17 10:09:03.475345,82,7348.25,0
302,26,female,25978,770.12,87,2018-04-05 10:09:03.475345,2021-06-09 10:09:03.475345,87,67000.44,0
303,58,male,107527,1338.18,41,2022-05-22 10:09:03.475345,2023-08-27 10:09:03.475345,25,54865.38,1
304,52,female,37153,119.91,59,2022-10-14 10:09:03.475345,2024-09-12 10:09:03.475345,15,7074.69,0
305,36,male,79765,2920.45,89,2020-07-23 10:09:03.475345,2021-05-04 10:09:03.475345,3,259920.05,0
306,65,female,119084,4212.73,54,2016-02-19 10:09:03.475345,2021-06-29 10:09:03.475345,77,227487.42,0
307,33,female,59071,2749.41,74,2015-07-22 10:09:03.475345,2015-12-14 10:09:03.475345,44,203456.34,0
308,20,female,89519,1104.18,22,2016-01-13 10:09:03.475345,2021-05-09 10:09:03.475345,24,24291.96,0
309,37,male,29503,178.01,83,2016-10-08 10:09:03.475345,2022-08-06 10:09:03.475345,36,14774.83,0
310,41,male,80703,1080.99,65,2020-05-04 10:09:03.475345,2024-08-09 10:09:03.475345,50,70264.35,1
311,50,male,84379,2086.45,64,2022-01-06 10:09:03.475345,2022-08-20 10:09:03.475345,80,133532.8,0
312,41,female,115457,3800.46,71,2021-05-10 10:09:03.475345,2022-07-16 10:09:03.475345,3,269832.66,0
313,69,female,77866,947.34,4,2021-09-02 10:09:03.475345,2023-10-15 10:09:03.475345,53,3789.36,1
314,28,female,36905,3601.76,65,2015-09-25 10:09:03.475345,2016-03-11 10:09:03.475345,84,234114.4,0
315,66,female,65838,4336.0,15,2021-09-11 10:09:03.475345,2024-09-07 10:09:03.475345,83,65040.0,1
316,25,female,78279,2275.19,76,2019-07-05 10:09:03.475345,2024-03-31 10:09:03.475345,59,172914.44,1
317,53,male,109489,4108.95,22,2016-02-06 10:09:03.475345,2020-03-10 10:09:03.475345,33,90396.9,0
318,55,female,46806,2777.74,86,2021-08-20 10:09:03.475345,2021-11-30 10:09:03.475345,6,238885.64,0
319,57,male,65000,3189.08,47,2021-08-16 10:09:03.475345,2024-04-04 10:09:03.475345,31,149886.76,0
320,37,male,42168,2636.13,81,2018-07-22 10:09:03.475345,2022-03-27 10:09:03.475345,69,213526.53,1
321,52,female,90119,2321.23,93,2021-08-12 10:09:03.475345,2021-09-26 10:09:03.475345,80,215874.39,0
322,65,male,58714,1180.92,46,2018-12-18 10:09:03.475345,2019-02-13 10:09:03.475345,11,54322.32,0
323,42,male,74093,1522.94,14,2018-05-03 10:09:03.475345,2019-11-04 10:09:03.475345,80,21321.16,1
324,52,female,75419,1456.95,50,2016-06-13 10:09:03.475345,2017-07-22 10:09:03.475345,33,72847.5,1
325,42,male,69145,2820.81,20,2017-12-01 10:09:03.475345,2021-06-30 10:09:03.475345,18,56416.2,0
326,46,female,97425,608.57,50,2022-01-01 10:09:03.475345,2023-12-19 10:09:03.475345,50,30428.5,0
327,35,male,112949,4584.79,33,2020-12-14 10:09:03.475345,2023-04-19 10:09:03.475345,56,151298.07,1
328,63,male,97811,3606.07,59,2019-01-07 10:09:03.475345,2022-10-27 10:09:03.475345,51,212758.13,0
329,35,male,22461,2013.21,43,2023-05-08 10:09:03.475345,2024-04-04 10:09:03.475345,56,86568.03,1
330,19,male,34291,801.53,79,2023-05-16 10:09:03.475345,2024-07-23 10:09:03.475345,13,63320.87,0
331,52,female,66804,4411.14,12,2017-10-29 10:09:03.475345,2021-12-23 10:09:03.475345,39,52933.68,0
332,33,male,96971,4120.65,40,2017-11-28 10:09:03.475345,2019-02-19 10:09:03.475345,78,164826.0,0
333,58,female,113471,3611.39,20,2023-03-14 10:09:03.475345,2024-06-08 10:09:03.475345,15,72227.8,0
334,53,male,84946,1365.02,94,2018-08-02 10:09:03.475345,2023-04-14 10:09:03.475345,13,128311.88,0
335,50,female,118989,2018.21,38,2017-12-01 10:09:03.475345,2020-03-12 10:09:03.475345,23,76691.98,0
336,21,female,104080,522.71,3,2017-06-10 10:09:03.475345,2023-07-01 10:09:03.475345,29,1568.13,0
337,50,female,81332,953.31,28,2018-06-07 10:09:03.475345,2021-10-09 10:09:03.475345,60,26692.68,0
338,31,male,97794,3917.25,56,2019-04-19 10:09:03.475345,2024-03-03 10:09:03.475345,75,219366.0,0
339,38,male,50841,3578.04,90,2016-02-26 10:09:03.475345,2024-08-07 10:09:03.475345,64,322023.6,0
340,65,male,68758,2971.49,94,2018-11-12 10:09:03.475345,2020-12-01 10:09:03.475345,87,279320.06,0
341,37,female,96272,4479.68,13,2019-04-25 10:09:03.475345,2019-07-12 10:09:03.475345,60,58235.84,0
342,25,male,57643,2920.5,77,2020-07-27 10:09:03.475345,2023-07-25 10:09:03.475345,66,224878.5,0
343,24,female,70408,2340.17,66,2023-04-19 10:09:03.475345,2023-11-20 10:09:03.475345,89,154451.22,0
344,20,female,63950,1708.45,37,2018-01-04 10:09:03.475345,2024-07-06 10:09:03.475345,80,63212.65,0
345,34,male,76849,4702.84,49,2017-10-18 10:09:03.475345,2021-08-16 10:09:03.475345,61,230439.16,0
346,50,female,48044,422.75,66,2023-04-01 10:09:03.475345,2023-12-23 10:09:03.475345,5,27901.5,1
347,65,male,35997,4655.13,36,2016-08-23 10:09:03.475345,2017-03-01 10:09:03.475345,58,167584.68,1
348,29,male,99751,4135.31,54,2016-02-18 10:09:03.475345,2021-10-24 10:09:03.475345,24,223306.74,0
349,68,female,118605,658.35,26,2022-05-11 10:09:03.475345,2024-10-03 10:09:03.475345,1,17117.1,1
350,39,female,43911,2829.27,75,2019-09-17 10:09:03.475345,2022-08-13 10:09:03.475345,17,212195.25,0
351,39,female,75533,4334.07,72,2023-03-13 10:09:03.475345,2024-05-25 10:09:03.475345,10,312053.04,0
352,63,male,102566,2863.33,40,2021-05-24 10:09:03.475345,2023-06-17 10:09:03.475345,5,114533.2,0
353,47,male,114870,4536.93,43,2019-01-04 10:09:03.475345,2020-02-19 10:09:03.475345,24,195087.99,0
354,55,female,34571,4715.49,22,2018-12-01 10:09:03.475345,2019-08-08 10:09:03.475345,13,103740.78,0
355,55,female,114463,2117.7,20,2020-10-11 10:09:03.475345,2022-07-28 10:09:03.475345,39,42354.0,0
356,62,female,77941,1892.8,8,2020-01-18 10:09:03.475345,2022-12-27 10:09:03.475345,27,15142.4,0
357,68,male,78005,4682.24,29,2015-05-10 10:09:03.475345,2022-04-14 10:09:03.475345,6,135784.96,0
358,25,female,106250,3378.95,40,2023-04-11 10:09:03.475345,2024-01-21 10:09:03.475345,11,135158.0,0
359,44,male,78712,588.95,90,2018-01-04 10:09:03.475345,2019-08-24 10:09:03.475345,28,53005.5,0
360,44,male,63541,221.04,30,2019-01-17 10:09:03.475345,2023-11-24 10:09:03.475345,31,6631.2,0
361,51,female,43387,2827.5,81,2016-08-18 10:09:03.475345,2021-08-03 10:09:03.475345,4,229027.5,0
362,38,male,113980,4651.55,84,2017-03-13 10:09:03.475345,2017-05-19 10:09:03.475345,12,390730.2,0
363,47,female,68908,4222.8,55,2015-08-04 10:09:03.475345,2021-06-15 10:09:03.475345,90,232254.0,0
364,50,male,105457,3382.48,16,2023-03-31 10:09:03.475345,2024-09-21 10:09:03.475345,34,54119.68,1
365,45,male,33057,704.19,46,2014-10-19 10:09:03.475345,2020-10-12 10:09:03.475345,78,32392.74,0
366,64,female,84028,1278.61,62,2020-10-31 10:09:03.475345,2021-08-02 10:09:03.475345,68,79273.82,0
367,50,female,75731,4378.8,7,2020-03-04 10:09:03.475345,2024-05-28 10:09:03.475345,29,30651.6,0
368,22,female,44858,922.21,80,2020-01-09 10:09:03.475345,2020-09-10 10:09:03.475345,17,73776.8,0
369,65,female,68689,1399.41,45,2021-07-07 10:09:03.475345,2022-09-29 10:09:03.475345,52,62973.45,0
370,36,female,64638,656.71,59,2014-10-30 10:09:03.475345,2023-03-23 10:09:03.475345,26,38745.89,0
371,21,female,111598,3383.78,56,2015-06-02 10:09:03.475345,2022-06-27 10:09:03.475345,65,189491.68,0
372,52,female,66486,4720.47,48,2022-03-31 10:09:03.475345,2023-10-11 10:09:03.475345,23,226582.56,0
373,66,male,40567,1352.15,27,2015-05-26 10:09:03.475345,2024-02-12 10:09:03.475345,72,36508.05,0
374,34,female,49739,2382.28,53,2015-05-31 10:09:03.475345,2015-08-15 10:09:03.475345,49,126260.84,0
375,61,male,77804,3175.36,87,2021-09-01 10:09:03.475345,2023-09-18 10:09:03.475345,29,276256.32,0
376,45,non-binary,23754,4997.34,88,2020-05-24 10:09:03.475345,2024-08-01 10:09:03.475345,15,439765.92,0
377,47,female,47044,532.99,73,2016-09-27 10:09:03.475345,2018-09-26 10:09:03.475345,50,38908.27,0
378,46,male,87260,2497.87,35,2018-07-29 10:09:03.475345,2024-09-27 10:09:03.475345,48,87425.45,0
379,63,female,86912,1931.75,51,2018-05-16 10:09:03.475345,2023-01-29 10:09:03.475345,83,98519.25,0
380,23,female,28706,4330.44,84,2023-10-04 10:09:03.475345,2024-09-20 10:09:03.475345,71,363756.96,0
381,52,male,28894,2385.08,37,2021-07-23 10:09:03.475345,2023-06-26 10:09:03.475345,37,88247.96,0
382,58,female,38037,563.78,81,2021-10-26 10:09:03.475345,2023-03-15 10:09:03.475345,82,45666.18,0
383,54,female,103986,3175.78,95,2022-07-22 10:09:03.475345,2022-08-14 10:09:03.475345,82,301699.1,1
384,41,male,101942,3856.2,57,2015-11-20 10:09:03.475345,2022-04-25 10:09:03.475345,45,219803.4,0
385,46,female,71612,24.38,8,2016-11-15 10:09:03.475345,2018-08-20 10:09:03.475345,55,195.04,1
386,66,male,49725,4296.19,79,2020-01-17 10:09:03.475345,2022-01-20 10:09:03.475345,41,339399.01,0
387,63,female,25926,938.25,95,2019-09-22 10:09:03.475345,2022-04-02 10:09:03.475345,51,89133.75,0
388,48,non-binary,29496,2764.83,94,2015-01-16 10:09:03.475345,2016-05-14 10:09:03.475345,80,259894.02,0
389,52,female,76447,2084.83,20,2018-11-19 10:09:03.475345,2019-02-08 10:09:03.475345,80,41696.6,0
390,50,male,49806,3601.07,53,2020-11-06 10:09:03.475345,2022-01-27 10:09:03.475345,38,190856.71,0
391,69,female,108199,1862.1,12,2019-05-16 10:09:03.475345,2022-09-02 10:09:03.475345,19,22345.2,0
392,38,female,61321,4350.12,49,2020-11-04 10:09:03.475345,2024-02-15 10:09:03.475345,71,213155.88,0
393,49,male,85095,3655.18,17,2021-08-02 10:09:03.475345,2022-09-14 10:09:03.475345,55,62138.06,0
394,40,female,42656,3242.09,64,2015-11-18 10:09:03.475345,2021-01-28 10:09:03.475345,34,207493.76,0
395,50,male,75147,3983.24,42,2020-07-31 10:09:03.475345,2023-10-27 10:09:03.475345,37,167296.08,1
396,20,female,111396,3772.57,94,2015-11-14 10:09:03.475345,2016-12-22 10:09:03.475345,7,354621.58,0
397,35,male,69666,189.33,29,2015-01-13 10:09:03.475345,2017-08-27 10:09:03.475345,36,5490.57,0
398,42,male,102368,1979.72,19,2022-01-03 10:09:03.475345,2023-11-21 10:09:03.475345,90,37614.68,0
399,59,male,58787,4654.73,11,2016-09-11 10:09:03.475345,2024-06-22 10:09:03.475345,10,51202.03,0
400,48,female,82946,637.36,98,2015-03-12 10:09:03.475345,2018-10-14 10:09:03.475345,41,62461.28,0
401,20,male,41727,3688.11,50,2018-02-17 10:09:03.475345,2024-01-28 10:09:03.475345,53,184405.5,1
402,57,female,115081,4873.21,71,2019-01-16 10:09:03.475345,2024-07-05 10:09:03.475345,77,345997.91,0
403,63,male,88056,270.47,58,2021-09-12 10:09:03.475345,2022-01-10 10:09:03.475345,78,15687.26,0
404,41,male,23081,3414.15,34,2019-11-12 10:09:03.475345,2021-12-14 10:09:03.475345,82,116081.1,0
405,67,female,54196,2346.09,20,2018-12-23 10:09:03.475345,2021-10-06 10:09:03.475345,60,46921.8,0
406,49,female,56735,2900.08,50,2015-12-22 10:09:03.475345,2016-04-17 10:09:03.475345,79,145004.0,0
407,64,male,100102,435.85,88,2019-03-12 10:09:03.475345,2022-10-30 10:09:03.475345,41,38354.8,0
408,39,female,99578,224.6,10,2020-05-29 10:09:03.475345,2023-07-16 10:09:03.475345,36,2246.0,1
409,40,female,45498,3337.66,32,2020-03-10 10:09:03.475345,2024-10-04 10:09:03.475345,77,106805.12,0
410,19,female,96865,4118.31,52,2022-03-16 10:09:03.475345,2023-10-16 10:09:03.475345,83,214152.12,1
411,44,male,51656,3912.26,15,2021-12-12 10:09:03.475345,2023-01-22 10:09:03.475345,49,58683.9,0
412,59,male,87695,2723.59,84,2022-09-30 10:09:03.475345,2024-09-02 10:09:03.475345,79,228781.56,0
413,19,female,57900,508.34,3,2015-12-07 10:09:03.475345,2017-12-24 10:09:03.475345,29,1525.02,0
414,43,male,104899,3443.34,37,2019-12-06 10:09:03.475345,2020-11-18 10:09:03.475345,9,127403.58,0
415,34,female,67701,1217.03,40,2021-07-21 10:09:03.475345,2024-07-19 10:09:03.475345,69,48681.2,1
416,57,female,39033,4556.23,72,2021-07-18 10:09:03.475345,2022-07-09 10:09:03.475345,21,328048.56,0
417,50,female,30805,4192.94,40,2019-05-12 10:09:03.475345,2020-02-20 10:09:03.475345,81,167717.6,0
418,26,female,55851,3549.82,56,2022-09-12 10:09:03.475345,2023-04-09 10:09:03.475345,9,198789.92,0
419,60,non-binary,46832,4744.74,23,2023-09-08 10:09:03.475345,2024-02-18 10:09:03.475345,51,109129.02,0
420,65,male,83437,166.79,11,2016-10-30 10:09:03.475345,2023-09-19 10:09:03.475345,59,1834.69,0
421,56,female,33944,3683.64,64,2023-03-01 10:09:03.475345,2023-05-21 10:09:03.475345,16,235752.96,0
422,46,male,39873,1657.91,8,2015-12-25 10:09:03.475345,2023-01-20 10:09:03.475345,47,13263.28,0
423,59,male,60372,4531.27,93,2023-10-13 10:09:03.475345,2024-09-24 10:09:03.475345,43,421408.11,0
424,43,female,109464,1340.71,94,2019-06-11 10:09:03.475345,2019-11-16 10:09:03.475345,12,126026.74,0
425,52,female,35379,3627.03,56,2018-07-12 10:09:03.475345,2022-12-01 10:09:03.475345,6,203113.68,0
426,67,non-binary,56751,4389.46,60,2021-08-29 10:09:03.475345,2024-02-16 10:09:03.475345,26,263367.6,0
427,42,female,109822,217.87,10,2020-01-13 10:09:03.475345,2023-08-15 10:09:03.475345,24,2178.7,1
428,41,male,25110,1994.26,39,2022-12-05 10:09:03.475345,2023-06-16 10:09:03.475345,89,77776.14,0
429,30,male,74341,3813.92,28,2022-01-10 10:09:03.475345,2022-09-22 10:09:03.475345,52,106789.76,0
430,24,female,32087,2280.05,49,2019-03-23 10:09:03.475345,2021-06-21 10:09:03.475345,45,111722.45,0
431,53,male,43762,1343.59,36,2020-03-17 10:09:03.475345,2020-12-15 10:09:03.475345,38,48369.24,0
432,62,male,102617,1106.83,13,2019-05-11 10:09:03.475345,2022-11-21 10:09:03.475345,45,14388.79,0
433,37,male,29596,666.28,96,2018-08-24 10:09:03.475345,2021-05-15 10:09:03.475345,6,63962.88,0
434,18,male,38313,4287.08,36,2014-12-22 10:09:03.475345,2016-01-14 10:09:03.475345,17,154334.88,0
435,25,male,86549,2881.02,26,2022-03-23 10:09:03.475345,2024-07-31 10:09:03.475345,53,74906.52,0
436,63,male,43705,391.16,86,2017-12-06 10:09:03.475345,2022-01-02 10:09:03.475345,57,33639.76,1
437,33,male,87364,1919.08,4,2016-08-13 10:09:03.475345,2023-08-01 10:09:03.475345,85,7676.32,0
438,31,male,93445,1844.99,95,2017-09-29 10:09:03.475345,2019-10-16 10:09:03.475345,69,175274.05,0
439,29,non-binary,98645,916.88,82,2020-01-23 10:09:03.475345,2024-02-15 10:09:03.475345,10,75184.16,0
440,68,male,22023,2183.18,64,2016-05-05 10:09:03.475345,2023-07-29 10:09:03.475345,74,139723.52,0
441,40,male,79796,1667.18,38,2018-11-25 10:09:03.475345,2020-07-14 10:09:03.475345,22,63352.84,1
442,32,female,100073,1715.6,88,2019-02-26 10:09:03.475345,2024-09-27 10:09:03.475345,90,150972.8,0
443,45,male,112197,3697.74,87,2020-06-11 10:09:03.475345,2024-05-11 10:09:03.475345,19,321703.38,0
444,51,female,84429,1124.08,22,2023-10-15 10:09:03.475345,2024-09-14 10:09:03.475345,64,24729.76,0
445,19,female,81627,3212.88,2,2015-01-29 10:09:03.475345,2021-11-09 10:09:03.475345,72,6425.76,0
446,49,male,53848,2857.54,31,2016-03-30 10:09:03.475345,2022-04-21 10:09:03.475345,69,88583.74,0
447,40,male,57804,2844.78,11,2021-10-07 10:09:03.475345,2024-07-10 10:09:03.475345,90,31292.58,0
448,39,female,35379,3318.41,92,2016-04-07 10:09:03.475345,2019-09-15 10:09:03.475345,48,305293.72,0
449,68,female,79664,2746.43,46,2022-07-30 10:09:03.475345,2023-03-12 10:09:03.475345,72,126335.78,0
450,42,male,47766,4397.48,96,2023-01-28 10:09:03.475345,2024-09-06 10:09:03.475345,23,422158.08,0
451,39,female,88099,3381.14,62,2018-07-12 10:09:03.475345,2021-03-07 10:09:03.475345,66,209630.68,0
452,39,male,56060,2739.35,69,2017-07-09 10:09:03.475345,2021-06-13 10:09:03.475345,83,189015.15,0
453,66,non-binary,114733,4150.52,64,2019-06-03 10:09:03.475345,2024-09-08 10:09:03.475345,73,265633.28,0
454,69,male,89122,3034.67,10,2021-03-31 10:09:03.475345,2023-05-16 10:09:03.475345,78,30346.7,0
455,59,female,36087,1462.81,40,2023-09-28 10:09:03.475345,2024-04-09 10:09:03.475345,15,58512.4,0
456,23,female,68868,1043.4,24,2018-05-16 10:09:03.475345,2019-11-20 10:09:03.475345,61,25041.6,0
457,32,female,43225,770.12,99,2016-05-07 10:09:03.475345,2017-02-09 10:09:03.475345,20,76241.88,0
458,60,female,115286,4498.28,44,2022-08-07 10:09:03.475345,2023-08-13 10:09:03.475345,30,197924.32,0
459,54,male,26643,3553.58,60,2022-03-13 10:09:03.475345,2024-02-28 10:09:03.475345,10,213214.8,0
460,50,male,113059,4687.52,62,2021-05-27 10:09:03.475345,2022-10-22 10:09:03.475345,75,290626.24,0
461,25,male,56727,3020.43,87,2015-03-26 10:09:03.475345,2022-09-07 10:09:03.475345,55,262777.41,1
462,61,male,31005,2372.27,17,2020-06-07 10:09:03.475345,2023-12-06 10:09:03.475345,35,40328.59,1
463,61,female,85697,307.99,65,2019-02-21 10:09:03.475345,2019-05-16 10:09:03.475345,77,20019.35,1
464,22,male,36029,3361.49,95,2023-10-06 10:09:03.475345,2023-10-21 10:09:03.475345,71,319341.55,0
465,56,male,34226,2915.22,95,2018-09-24 10:09:03.475345,2020-08-19 10:09:03.475345,45,276945.9,0
466,21,non-binary,83646,4951.14,57,2016-03-21 10:09:03.475345,2019-03-01 10:09:03.475345,43,282214.98,0
467,23,female,80603,1203.4,55,2018-01-09 10:09:03.475345,2018-04-02 10:09:03.475345,84,66187.0,0
468,62,female,48731,2658.38,53,2016-10-08 10:09:03.475345,2017-02-25 10:09:03.475345,43,140894.14,0
469,49,non-binary,88926,3258.28,56,2019-10-17 10:09:03.475345,2022-10-12 10:09:03.475345,37,182463.68,0
470,69,male,25997,3226.51,98,2015-08-02 10:09:03.475345,2020-10-01 10:09:03.475345,65,316197.98,0
471,47,male,75506,2810.85,9,2021-03-16 10:09:03.475345,2023-12-17 10:09:03.475345,57,25297.65,1
472,64,female,98229,3886.87,22,2020-02-07 10:09:03.475345,2021-01-05 10:09:03.475345,58,85511.14,0
473,52,female,69815,1032.86,13,2018-08-11 10:09:03.475345,2024-04-28 10:09:03.475345,89,13427.18,0
474,57,male,62092,3630.88,89,2018-06-25 10:09:03.475345,2022-08-07 10:09:03.475345,54,323148.32,0
475,69,female,82539,3102.48,48,2018-05-19 10:09:03.475345,2022-08-26 10:09:03.475345,21,148919.04,1
476,33,male,86077,4481.41,18,2017-05-16 10:09:03.475345,2024-06-05 10:09:03.475345,47,80665.38,0
477,30,male,41817,4237.5,76,2019-08-31 10:09:03.475345,2023-11-15 10:09:03.475345,57,322050.0,0
478,67,female,57861,1582.58,40,2018-12-03 10:09:03.475345,2021-02-14 10:09:03.475345,48,63303.2,1
479,59,female,33428,1388.42,17,2016-04-11 10:09:03.475345,2022-07-15 10:09:03.475345,25,23603.14,0
480,47,female,63934,4908.45,15,2020-07-18 10:09:03.475345,2021-09-29 10:09:03.475345,33,73626.75,0
481,36,male,30258,2641.05,15,2022-01-12 10:09:03.475345,2022-09-04 10:09:03.475345,68,39615.75,0
482,34,female,77775,4533.04,79,2018-01-06 10:09:03.475345,2020-05-16 10:09:03.475345,12,358110.16,0
483,36,male,101580,827.77,63,2018-03-30 10:09:03.475345,2022-06-06 10:09:03.475345,20,52149.51,0
484,45,male,114947,3217.67,39,2018-03-07 10:09:03.475345,2018-08-28 10:09:03.475345,44,125489.13,0
485,43,female,25469,4051.2,13,2023-01-27 10:09:03.475345,2024-03-24 10:09:03.475345,90,52665.6,1
486,54,female,48854,4737.5,81,2020-09-21 10:09:03.475345,2021-12-29 10:09:03.475345,19,383737.5,1
487,43,female,26256,1693.33,32,2018-01-23 10:09:03.475345,2024-04-20 10:09:03.475345,81,54186.56,0
488,40,female,96256,3627.66,9,2017-12-24 10:09:03.475345,2018-09-13 10:09:03.475345,34,32648.94,0
489,26,female,53937,2698.68,40,2020-12-19 10:09:03.475345,2023-12-11 10:09:03.475345,13,107947.2,0
490,29,female,119134,312.54,20,2016-06-19 10:09:03.475345,2017-12-02 10:09:03.475345,47,6250.8,0
491,18,male,21651,3453.1,90,2018-05-01 10:09:03.475345,2022-12-09 10:09:03.475345,44,310779.0,0
492,18,male,70288,3453.58,91,2022-04-23 10:09:03.475345,2024-01-12 10:09:03.475345,9,314275.78,0
493,64,male,104730,4653.73,85,2023-01-21 10:09:03.475345,2024-03-18 10:09:03.475345,76,395567.05,0
494,51,male,45051,2491.59,82,2019-09-03 10:09:03.475345,2019-10-06 10:09:03.475345,37,204310.38,0
495,49,female,47386,1158.95,77,2021-04-17 10:09:03.475345,2021-10-06 10:09:03.475345,15,89239.15,1
496,65,female,95054,232.37,80,2019-04-11 10:09:03.475345,2022-11-19 10:09:03.475345,18,18589.6,0
497,42,male,36184,2084.05,73,2018-09-14 10:09:03.475345,2024-10-04 10:09:03.475345,77,152135.65,0
498,57,male,53787,1516.56,63,2020-03-11 10:09:03.475345,2024-05-01 10:09:03.475345,84,95543.28,0
499,62,female,41621,3807.83,76,2022-01-26 10:09:03.475345,2023-08-09 10:09:03.475345,18,289395.08,0
500,18,male,95564,1777.8,44,2023-07-20 10:09:03.475345,2024-06-01 10:09:03.475345,33,78223.2,0
501,33,female,97984,4745.87,38,2018-11-06 10:09:03.475345,2022-04-22 10:09:03.475345,81,180343.06,0
502,56,female,79792,4811.93,83,2016-10-16 10:09:03.475345,2022-11-15 10:09:03.475345,21,399390.19,0
503,22,female,65253,3108.33,60,2018-05-14 10:09:03.475345,2019-01-10 10:09:03.475345,87,186499.8,0
504,39,female,54051,4644.01,71,2018-06-11 10:09:03.475345,2020-07-23 10:09:03.475345,11,329724.71,0
505,46,female,69811,3806.66,99,2018-04-02 10:09:03.475345,2021-08-20 10:09:03.475345,50,376859.34,0
506,20,male,50447,2738.83,48,2018-05-24 10:09:03.475345,2024-06-16 10:09:03.475345,47,131463.84,0
507,29,female,103930,909.74,18,2019-10-13 10:09:03.475345,2020-08-18 10:09:03.475345,60,16375.32,1
508,43,female,50254,2298.4,16,2022-04-03 10:09:03.475345,2022-10-02 10:09:03.475345,66,36774.4,0
509,33,male,104045,2808.76,55,2015-09-09 10:09:03.475345,2016-11-12 10:09:03.475345,12,154481.8,1
510,68,female,77418,4321.17,39,2021-11-23 10:09:03.475345,2022-05-16 10:09:03.475345,28,168525.63,0
511,54,female,34472,2411.85,68,2021-01-31 10:09:03.475345,2021-06-21 10:09:03.475345,54,164005.8,1
512,39,female,23471,4489.4,59,2020-09-05 10:09:03.475345,2023-03-25 10:09:03.475345,48,264874.6,0
513,46,female,115804,3375.0,89,2020-07-10 10:09:03.475345,2020-08-28 10:09:03.475345,11,300375.0,0
514,31,female,28329,693.63,96,2015-07-23 10:09:03.475345,2018-06-29 10:09:03.475345,14,66588.48,0
515,45,female,54865,4974.96,62,2019-06-15 10:09:03.475345,2020-09-24 10:09:03.475345,41,308447.52,0
516,22,female,66850,2640.89,13,2017-02-27 10:09:03.475345,2022-05-10 10:09:03.475345,75,34331.57,0
517,64,female,74220,1965.37,81,2020-11-14 10:09:03.475345,2022-05-25 10:09:03.475345,74,159194.97,0
518,66,female,113808,3298.98,6,2015-09-30 10:09:03.475345,2022-07-13 10:09:03.475345,25,19793.88,0
519,47,female,26397,553.38,83,2021-02-04 10:09:03.475345,2024-09-11 10:09:03.475345,5,45930.54,0
520,63,female,117909,3186.33,77,2017-03-02 10:09:03.475345,2024-09-07 10:09:03.475345,41,245347.41,0
521,69,male,55525,2496.2,60,2020-07-21 10:09:03.475345,2024-03-01 10:09:03.475345,48,149772.0,0
522,22,female,73072,2039.3,90,2020-07-08 10:09:03.475345,2020-11-25 10:09:03.475345,13,183537.0,0
523,29,female,110106,4765.57,14,2018-02-10 10:09:03.475345,2024-06-29 10:09:03.475345,66,66717.98,0
524,33,male,103820,2617.47,95,2020-12-31 10:09:03.475345,2023-06-10 10:09:03.475345,80,248659.65,0
525,43,female,104530,1103.4,54,2015-06-18 10:09:03.475345,2017-01-27 10:09:03.475345,65,59583.6,0
526,43,male,43284,2300.23,4,2016-02-13 10:09:03.475345,2022-08-03 10:09:03.475345,18,9200.92,0
527,65,male,81330,4597.74,39,2021-01-19 10:09:03.475345,2021-06-18 10:09:03.475345,56,179311.86,0
528,38,female,103369,888.72,72,2021-01-17 10:09:03.475345,2024-02-06 10:09:03.475345,38,63987.84,1
529,56,male,45122,1077.65,25,2023-08-25 10:09:03.475345,2024-09-20 10:09:03.475345,5,26941.25,0
530,53,female,90553,75.02,77,2023-04-30 10:09:03.475345,2023-10-31 10:09:03.475345,77,5776.54,0
531,50,female,101906,80.81,32,2018-03-30 10:09:03.475345,2018-04-29 10:09:03.475345,59,2585.92,0
532,47,female,114788,4148.66,59,2020-03-04 10:09:03.475345,2022-09-28 10:09:03.475345,45,244770.94,0
533,54,male,82812,3663.29,63,2019-03-13 10:09:03.475345,2023-10-10 10:09:03.475345,83,230787.27,0
534,40,male,27999,1781.65,38,2023-03-19 10:09:03.475345,2023-08-01 10:09:03.475345,54,67702.7,0
535,27,female,42436,3494.57,92,2023-07-12 10:09:03.475345,2023-11-16 10:09:03.475345,69,321500.44,0
536,22,non-binary,62963,1982.08,53,2015-07-05 10:09:03.475345,2017-02-06 10:09:03.475345,37,105050.24,0
537,53,female,22096,4764.96,94,2023-02-11 10:09:03.475345,2023-09-13 10:09:03.475345,56,447906.24,0
538,51,male,45279,4835.59,67,2022-08-04 10:09:03.475345,2023-07-22 10:09:03.475345,5,323984.53,0
539,69,female,46201,1970.04,28,2022-07-20 10:09:03.475345,2023-08-22 10:09:03.475345,47,55161.12,0
540,48,female,39715,4272.57,3,2023-08-04 10:09:03.475345,2024-08-31 10:09:03.475345,82,12817.71,0
541,27,female,49309,3867.71,98,2017-11-04 10:09:03.475345,2024-08-08 10:09:03.475345,73,379035.58,0
542,36,male,35078,1556.9,80,2019-10-20 10:09:03.475345,2020-02-26 10:09:03.475345,65,124552.0,0
543,49,female,76614,1167.88,22,2017-04-09 10:09:03.475345,2018-06-13 10:09:03.475345,43,25693.36,1
544,18,female,25105,2296.59,96,2019-08-24 10:09:03.475345,2021-02-17 10:09:03.475345,89,220472.64,1
545,22,non-binary,114848,3908.93,38,2015-11-14 10:09:03.475345,2017-05-14 10:09:03.475345,75,148539.34,0
546,62,male,22839,4801.24,72,2020-08-30 10:09:03.475345,2020-09-15 10:09:03.475345,78,345689.28,0
547,21,female,88920,3820.26,72,2016-06-03 10:09:03.475345,2023-08-20 10:09:03.475345,16,275058.72,0
548,33,female,63619,4277.48,62,2017-07-26 10:09:03.475345,2018-09-21 10:09:03.475345,20,265203.76,0
549,41,male,62821,3019.29,57,2019-05-08 10:09:03.475345,2023-10-30 10:09:03.475345,24,172099.53,0
550,33,female,33493,4178.69,6,2018-03-29 10:09:03.475345,2018-11-30 10:09:03.475345,40,25072.14,0
551,19,female,37069,3924.26,78,2023-08-31 10:09:03.475345,2024-09-15 10:09:03.475345,6,306092.28,0
552,66,male,27531,1891.16,32,2019-11-21 10:09:03.475345,2024-08-26 10:09:03.475345,79,60517.12,0
553,45,male,57051,2764.43,99,2017-02-08 10:09:03.475345,2018-11-12 10:09:03.475345,21,273678.57,1
554,49,female,27736,4025.72,10,2018-09-23 10:09:03.475345,2018-11-20 10:09:03.475345,77,40257.2,0
555,44,male,27710,239.82,3,2018-02-09 10:09:03.475345,2018-02-28 10:09:03.475345,1,719.46,0
556,37,female,87155,4042.32,59,2017-01-31 10:09:03.475345,2020-03-26 10:09:03.475345,53,238496.88,0
557,41,male,33975,897.66,76,2023-03-23 10:09:03.475345,2023-08-21 10:09:03.475345,51,68222.16,0
558,29,female,82424,2578.27,49,2022-06-11 10:09:03.475345,2024-08-15 10:09:03.475345,88,126335.23,0
559,67,male,65603,4043.29,59,2016-04-06 10:09:03.475345,2020-06-14 10:09:03.475345,22,238554.11,0
560,52,female,43252,1276.57,31,2016-02-28 10:09:03.475345,2016-04-03 10:09:03.475345,52,39573.67,0
561,50,non-binary,100797,1236.58,93,2016-02-25 10:09:03.475345,2017-07-26 10:09:03.475345,66,115001.94,0
562,50,non-binary,21431,2019.79,69,2016-06-03 10:09:03.475345,2016-06-19 10:09:03.475345,38,139365.51,0
563,68,female,94603,4474.27,62,2017-01-28 10:09:03.475345,2022-08-14 10:09:03.475345,32,277404.74,0
564,60,male,57481,12.21,52,2016-08-02 10:09:03.475345,2021-10-18 10:09:03.475345,13,634.92,0
565,54,female,112573,4507.9,89,2022-11-08 10:09:03.475345,2023-01-03 10:09:03.475345,85,401203.1,1
566,29,male,29557,777.5,41,2023-06-01 10:09:03.475345,2023-06-11 10:09:03.475345,41,31877.5,0
567,20,male,94971,4950.53,31,2016-08-10 10:09:03.475345,2017-11-28 10:09:03.475345,62,153466.43,0
568,18,male,20162,4774.69,85,2021-02-03 10:09:03.475345,2022-10-27 10:09:03.475345,66,405848.65,0
569,50,female,54742,2478.43,84,2023-03-22 10:09:03.475345,2024-05-29 10:09:03.475345,66,208188.12,0
570,57,female,39675,2568.47,22,2020-05-22 10:09:03.475345,2022-07-11 10:09:03.475345,39,56506.34,0
571,27,female,93997,2412.93,4,2023-04-13 10:09:03.475345,2023-06-10 10:09:03.475345,5,9651.72,0
572,60,male,37015,3180.86,13,2020-07-30 10:09:03.475345,2021-02-06 10:09:03.475345,27,41351.18,0
573,61,male,70057,462.7,45,2020-07-25 10:09:03.475345,2021-01-30 10:09:03.475345,48,20821.5,0
574,46,non-binary,52591,172.76,42,2020-12-29 10:09:03.475345,2023-09-15 10:09:03.475345,18,7255.92,0
575,30,male,113583,297.94,49,2014-12-30 10:09:03.475345,2020-12-22 10:09:03.475345,31,14599.06,0
576,29,male,29833,2227.38,20,2021-01-15 10:09:03.475345,2021-12-14 10:09:03.475345,79,44547.6,0
577,48,male,27896,1384.98,77,2018-06-27 10:09:03.475345,2020-07-20 10:09:03.475345,35,106643.46,0
578,63,female,52972,3113.98,81,2020-01-12 10:09:03.475345,2020-07-21 10:09:03.475345,54,252232.38,0
579,19,female,69733,4962.29,54,2020-04-21 10:09:03.475345,2022-02-11 10:09:03.475345,87,267963.66,0
580,68,male,61800,1937.75,36,2020-03-26 10:09:03.475345,2021-10-20 10:09:03.475345,22,69759.0,0
581,67,male,116044,2873.47,97,2022-08-05 10:09:03.475345,2023-10-11 10:09:03.475345,60,278726.59,0
582,52,female,25347,2083.86,1,2017-02-01 10:09:03.475345,2022-03-28 10:09:03.475345,74,2083.86,0
583,40,female,79063,4237.89,15,2016-08-26 10:09:03.475345,2019-02-17 10:09:03.475345,28,63568.35,0
584,34,male,115850,4512.16,77,2018-04-22 10:09:03.475345,2021-09-09 10:09:03.475345,16,347436.32,0
585,43,female,22643,4388.0,17,2021-02-08 10:09:03.475345,2023-07-14 10:09:03.475345,45,74596.0,0
586,25,male,60785,4872.12,24,2019-05-26 10:09:03.475345,2020-02-13 10:09:03.475345,85,116930.88,1
587,46,male,38681,147.32,58,2022-09-05 10:09:03.475345,2024-09-18 10:09:03.475345,17,8544.56,0
588,43,female,70026,4200.68,72,2022-06-03 10:09:03.475345,2024-09-03 10:09:03.475345,56,302448.96,0
589,27,male,35892,3761.34,91,2019-09-03 10:09:03.475345,2022-05-16 10:09:03.475345,26,342281.94,0
590,43,female,67299,1151.19,23,2018-08-20 10:09:03.475345,2020-04-16 10:09:03.475345,19,26477.37,0
591,51,male,37073,4782.04,46,2017-05-21 10:09:03.475345,2021-07-06 10:09:03.475345,35,219973.84,0
592,68,male,50682,749.41,72,2017-07-18 10:09:03.475345,2021-05-25 10:09:03.475345,38,53957.52,1
593,58,non-binary,117798,3400.95,8,2017-07-07 10:09:03.475345,2023-09-18 10:09:03.475345,26,27207.6,0
594,24,male,116894,1132.2,59,2016-10-25 10:09:03.475345,2023-12-20 10:09:03.475345,73,66799.8,0
595,21,female,34289,2162.59,90,2019-09-16 10:09:03.475345,2019-10-07 10:09:03.475345,62,194633.1,0
596,67,male,27927,3598.61,59,2023-02-17 10:09:03.475345,2024-06-05 10:09:03.475345,76,212317.99,0
597,62,male,68330,2820.99,13,2022-07-21 10:09:03.475345,2024-10-05 10:09:03.475345,80,36672.87,0
598,28,male,86707,2143.23,39,2017-11-14 10:09:03.475345,2020-05-09 10:09:03.475345,78,83585.97,0
599,46,female,97454,1638.43,28,2015-12-06 10:09:03.475345,2018-04-04 10:09:03.475345,69,45876.04,0
600,53,male,85428,4199.9,89,2021-02-04 10:09:03.475345,2021-11-12 10:09:03.475345,43,373791.1,0
601,42,female,70601,727.63,61,2022-08-12 10:09:03.475345,2024-06-07 10:09:03.475345,31,44385.43,0
602,38,male,97465,2156.21,16,2016-09-22 10:09:03.475345,2024-03-17 10:09:03.475345,57,34499.36,0
603,53,non-binary,22539,4519.75,2,2018-08-05 10:09:03.475345,2022-03-29 10:09:03.475345,34,9039.5,0
604,27,male,42669,4230.79,82,2022-11-13 10:09:03.475345,2024-07-08 10:09:03.475345,76,346924.78,0
605,54,female,90968,2010.7,17,2022-05-18 10:09:03.475345,2022-08-14 10:09:03.475345,67,34181.9,0
606,26,female,40644,3817.91,30,2019-08-29 10:09:03.475345,2023-05-08 10:09:03.475345,22,114537.3,0
607,41,female,38745,4117.57,13,2021-02-02 10:09:03.475345,2021-05-22 10:09:03.475345,39,53528.41,0
608,52,female,48228,4445.55,96,2019-04-03 10:09:03.475345,2019-05-20 10:09:03.475345,29,426772.8,0
609,66,female,54521,2727.08,93,2023-05-28 10:09:03.475345,2023-08-28 10:09:03.475345,57,253618.44,0
610,52,female,117239,1030.26,94,2016-08-03 10:09:03.475345,2017-10-16 10:09:03.475345,6,96844.44,0
611,65,male,46928,1283.99,82,2015-10-20 10:09:03.475345,2024-07-05 10:09:03.475345,45,105287.18,0
612,53,male,38322,1485.52,13,2017-07-15 10:09:03.475345,2021-07-05 10:09:03.475345,67,19311.76,0
613,35,female,77714,2973.07,43,2016-04-05 10:09:03.475345,2019-03-21 10:09:03.475345,18,127842.01,0
614,66,female,107896,173.72,85,2018-08-22 10:09:03.475345,2024-08-07 10:09:03.475345,58,14766.2,0
615,56,female,82292,3183.85,94,2014-11-06 10:09:03.475345,2021-04-06 10:09:03.475345,24,299281.9,0
616,49,female,49055,1828.13,21,2016-11-11 10:09:03.475345,2022-11-22 10:09:03.475345,17,38390.73,0
617,41,male,62891,1483.26,55,2023-08-25 10:09:03.475345,2023-12-24 10:09:03.475345,32,81579.3,0
618,40,male,101912,4398.69,81,2020-09-14 10:09:03.475345,2022-08-04 10:09:03.475345,60,356293.89,0
619,49,female,26588,2305.41,40,2020-04-30 10:09:03.475345,2024-06-27 10:09:03.475345,81,92216.4,0
620,54,male,110536,484.31,83,2016-08-19 10:09:03.475345,2022-04-19 10:09:03.475345,13,40197.73,0
621,29,male,26304,4135.47,15,2021-12-15 10:09:03.475345,2022-07-20 10:09:03.475345,44,62032.05,0
622,66,female,27345,247.73,73,2021-12-12 10:09:03.475345,2023-07-22 10:09:03.475345,56,18084.29,0
623,30,male,49300,3636.48,52,2015-11-10 10:09:03.475345,2024-08-06 10:09:03.475345,63,189096.96,0
624,40,female,44259,3871.79,74,2015-01-15 10:09:03.475345,2016-02-04 10:09:03.475345,89,286512.46,0
625,42,male,111006,1769.49,95,2017-10-18 10:09:03.475345,2020-09-21 10:09:03.475345,40,168101.55,0
626,52,female,108553,4125.69,53,2018-03-08 10:09:03.475345,2022-08-15 10:09:03.475345,13,218661.57,0
627,58,male,35352,2583.14,87,2021-02-03 10:09:03.475345,2022-02-26 10:09:03.475345,48,224733.18,0
628,47,male,53365,2321.84,52,2020-04-17 10:09:03.475345,2022-10-29 10:09:03.475345,78,120735.68,0
629,34,male,39446,236.56,30,2017-03-04 10:09:03.475345,2024-06-09 10:09:03.475345,83,7096.8,0
630,66,male,22336,1457.25,33,2018-10-15 10:09:03.475345,2024-03-18 10:09:03.475345,16,48089.25,0
631,37,male,82032,4655.74,57,2018-05-14 10:09:03.475345,2019-04-18 10:09:03.475345,18,265377.18,0
632,65,male,95415,1965.2,52,2019-09-03 10:09:03.475345,2023-09-16 10:09:03.475345,9,102190.4,0
633,42,female,117852,2738.04,9,2019-11-28 10:09:03.475345,2024-01-23 10:09:03.475345,29,24642.36,0
634,39,male,118876,2664.79,54,2020-03-29 10:09:03.475345,2020-05-20 10:09:03.475345,7,143898.66,0
635,30,female,27521,2956.25,1,2022-06-14 10:09:03.475345,2024-08-21 10:09:03.475345,84,2956.25,1
636,36,female,91707,316.04,44,2015-07-23 10:09:03.475345,2022-02-19 10:09:03.475345,27,13905.76,0
637,66,female,43481,1817.26,99,2016-09-29 10:09:03.475345,2022-11-16 10:09:03.475345,63,179908.74,0
638,53,male,38474,3618.41,75,2014-11-15 10:09:03.475345,2019-11-27 10:09:03.475345,25,271380.75,0
639,29,female,66760,1010.8,98,2021-12-09 10:09:03.475345,2022-07-17 10:09:03.475345,60,99058.4,0
640,58,male,75718,1025.86,80,2023-03-28 10:09:03.475345,2024-05-23 10:09:03.475345,84,82068.8,0
641,36,male,64629,60.35,9,2020-08-11 10:09:03.475345,2020-11-13 10:09:03.475345,49,543.15,0
642,29,non-binary,65232,2193.03,32,2016-07-13 10:09:03.475345,2023-01-15 10:09:03.475345,3,70176.96,0
643,26,male,106544,4414.84,15,2021-01-09 10:09:03.475345,2024-09-23 10:09:03.475345,62,66222.6,0
644,24,female,87169,268.99,12,2017-11-12 10:09:03.475345,2018-10-23 10:09:03.475345,74,3227.88,1
645,45,female,70669,963.68,97,2017-01-03 10:09:03.475345,2017-05-21 10:09:03.475345,90,93476.96,0
646,31,female,98021,1557.32,78,2019-08-10 10:09:03.475345,2023-04-14 10:09:03.475345,32,121470.96,0
647,48,female,89184,3661.31,57,2014-11-14 10:09:03.475345,2023-06-12 10:09:03.475345,48,208694.67,0
648,69,male,67945,3206.77,8,2019-03-14 10:09:03.475345,2020-12-01 10:09:03.475345,32,25654.16,0
649,36,male,33140,2085.56,72,2018-06-06 10:09:03.475345,2021-10-16 10:09:03.475345,5,150160.32,0
650,64,female,103457,3797.75,27,2021-09-03 10:09:03.475345,2022-02-05 10:09:03.475345,39,102539.25,0
651,33,male,34357,3052.06,62,2019-06-18 10:09:03.475345,2024-02-20 10:09:03.475345,21,189227.72,0
652,22,male,88673,4481.24,12,2017-12-05 10:09:03.475345,2022-06-03 10:09:03.475345,6,53774.88,0
653,52,male,85633,4091.95,65,2020-08-31 10:09:03.475345,2021-05-04 10:09:03.475345,65,265976.75,0
654,29,male,96943,1271.54,42,2018-02-27 10:09:03.475345,2018-11-17 10:09:03.475345,28,53404.68,0
655,42,male,116111,1364.48,62,2014-10-27 10:09:03.475345,2019-07-27 10:09:03.475345,61,84597.76,1
656,69,male,98258,635.53,11,2016-07-30 10:09:03.475345,2017-04-22 10:09:03.475345,7,6990.83,0
657,38,female,32924,1691.45,43,2020-08-02 10:09:03.475345,2023-08-20 10:09:03.475345,47,72732.35,0
658,53,female,89286,4997.72,95,2018-06-02 10:09:03.475345,2023-08-21 10:09:03.475345,88,474783.4,0
659,40,female,113269,2034.7,17,2018-01-26 10:09:03.475345,2024-03-17 10:09:03.475345,47,34589.9,0
660,33,male,94071,1110.24,97,2016-01-12 10:09:03.475345,2021-11-07 10:09:03.475345,23,107693.28,1
661,56,male,77326,3814.79,32,2017-04-17 10:09:03.475345,2024-07-29 10:09:03.475345,25,122073.28,0
662,62,male,110023,2716.93,93,2015-10-18 10:09:03.475345,2018-01-25 10:09:03.475345,36,252674.49,0
663,59,female,50651,756.51,85,2018-12-17 10:09:03.475345,2019-03-08 10:09:03.475345,63,64303.35,0
664,56,female,90202,1909.64,85,2019-07-15 10:09:03.475345,2020-12-06 10:09:03.475345,26,162319.4,1
665,31,male,68777,2078.2,40,2015-05-25 10:09:03.475345,2019-10-01 10:09:03.475345,82,83128.0,0
666,48,female,36994,3771.61,23,2020-10-22 10:09:03.475345,2023-11-01 10:09:03.475345,83,86747.03,0
667,22,male,87263,113.15,56,2018-05-14 10:09:03.475345,2021-05-01 10:09:03.475345,69,6336.4,0
668,52,female,79634,1352.41,6,2021-11-03 10:09:03.475345,2022-03-13 10:09:03.475345,61,8114.46,0
669,40,female,30800,2592.81,86,2023-08-13 10:09:03.475345,2023-11-17 10:09:03.475345,29,222981.66,0
670,46,female,57823,1351.55,50,2018-10-04 10:09:03.475345,2024-05-05 10:09:03.475345,89,67577.5,1
671,60,female,83878,3145.89,37,2016-09-04 10:09:03.475345,2020-07-18 10:09:03.475345,38,116397.93,0
672,28,female,38708,2414.52,64,2021-11-11 10:09:03.475345,2023-01-17 10:09:03.475345,38,154529.28,0
673,35,male,32819,1814.93,54,2020-01-18 10:09:03.475345,2023-10-29 10:09:03.475345,77,98006.22,0
674,64,female,94905,4746.55,72,2019-07-12 10:09:03.475345,2021-03-19 10:09:03.475345,39,341751.6,0
675,29,male,83870,3164.48,49,2019-09-11 10:09:03.475345,2021-08-25 10:09:03.475345,58,155059.52,0
676,26,female,29283,658.41,99,2020-07-20 10:09:03.475345,2020-09-11 10:09:03.475345,23,65182.59,1
677,27,female,50573,2804.86,11,2019-02-28 10:09:03.475345,2020-03-28 10:09:03.475345,50,30853.46,0
678,61,female,98707,3905.85,88,2022-11-23 10:09:03.475345,2023-02-27 10:09:03.475345,39,343714.8,0
679,34,male,50933,3545.36,49,2019-10-30 10:09:03.475345,2024-05-04 10:09:03.475345,24,173722.64,0
680,55,female,25774,868.73,21,2018-05-09 10:09:03.475345,2019-09-22 10:09:03.475345,30,18243.33,0
681,24,female,92055,4862.38,66,2018-10-25 10:09:03.475345,2024-10-12 10:09:03.475345,57,320917.08,0
682,63,female,30983,2249.58,63,2021-08-10 10:09:03.475345,2024-05-03 10:09:03.475345,41,141723.54,0
683,30,male,116468,803.53,83,2017-07-05 10:09:03.475345,2017-08-08 10:09:03.475345,26,66692.99,0
684,57,male,116334,909.18,28,2020-11-29 10:09:03.475345,2022-04-24 10:09:03.475345,84,25457.04,0
685,59,male,38133,500.19,17,2018-09-07 10:09:03.475345,2022-01-21 10:09:03.475345,74,8503.23,0
686,26,male,34939,4019.56,6,2016-12-27 10:09:03.475345,2024-04-09 10:09:03.475345,21,24117.36,0
687,67,female,20781,618.93,19,2015-07-14 10:09:03.475345,2019-05-03 10:09:03.475345,88,11759.67,0
688,44,male,76700,634.38,56,2019-05-09 10:09:03.475345,2023-12-25 10:09:03.475345,75,35525.28,1
689,19,non-binary,47624,4253.85,28,2017-05-20 10:09:03.475345,2018-09-11 10:09:03.475345,11,119107.8,0
690,22,male,26823,1729.57,66,2021-10-09 10:09:03.475345,2024-03-13 10:09:03.475345,64,114151.62,0
691,46,male,38489,163.98,38,2021-09-20 10:09:03.475345,2023-10-28 10:09:03.475345,75,6231.24,0
692,54,female,59961,268.96,37,2015-11-03 10:09:03.475345,2022-08-29 10:09:03.475345,23,9951.52,0
693,55,female,49118,719.43,68,2021-11-13 10:09:03.475345,2023-12-06 10:09:03.475345,23,48921.24,0
694,36,female,101816,1074.83,86,2023-06-23 10:09:03.475345,2024-09-20 10:09:03.475345,18,92435.38,0
695,25,female,42263,3329.08,90,2016-10-26 10:09:03.475345,2021-09-08 10:09:03.475345,63,299617.2,0
696,65,female,33565,795.06,49,2017-12-01 10:09:03.475345,2019-11-18 10:09:03.475345,3,38957.94,0
697,62,male,40354,603.18,43,2018-08-05 10:09:03.475345,2023-10-09 10:09:03.475345,83,25936.74,0
698,18,non-binary,62951,3825.95,36,2021-05-20 10:09:03.475345,2021-11-12 10:09:03.475345,27,137734.2,0
699,39,non-binary,111179,3358.57,58,2021-05-16 10:09:03.475345,2022-07-08 10:09:03.475345,57,194797.06,1
700,69,female,43648,2182.27,13,2020-07-19 10:09:03.475345,2021-12-22 10:09:03.475345,60,28369.51,0
701,34,male,70729,2751.06,52,2016-12-08 10:09:03.475345,2024-02-05 10:09:03.475345,74,143055.12,0
702,24,female,61971,1566.8,58,2023-04-25 10:09:03.475345,2023-10-01 10:09:03.475345,53,90874.4,0
703,42,male,38658,2417.68,32,2016-01-13 10:09:03.475345,2020-04-02 10:09:03.475345,70,77365.76,0
704,62,male,41253,2538.3,81,2023-09-03 10:09:03.475345,2024-07-03 10:09:03.475345,55,205602.3,0
705,21,male,84166,1942.31,60,2019-03-22 10:09:03.475345,2022-02-16 10:09:03.475345,68,116538.6,0
706,53,male,68563,4533.8,83,2021-08-15 10:09:03.475345,2022-07-15 10:09:03.475345,89,376305.4,1
707,23,female,46390,90.15,58,2019-02-28 10:09:03.475345,2024-08-20 10:09:03.475345,37,5228.7,1
708,48,female,108664,3913.03,99,2021-04-07 10:09:03.475345,2022-11-11 10:09:03.475345,7,387389.97,0
709,36,female,71578,630.67,56,2015-03-28 10:09:03.475345,2017-01-24 10:09:03.475345,81,35317.52,0
710,61,male,99025,3989.76,28,2018-05-11 10:09:03.475345,2018-12-05 10:09:03.475345,41,111713.28,1
711,56,male,52658,3083.4,1,2020-04-13 10:09:03.475345,2021-12-08 10:09:03.475345,85,3083.4,0
712,44,male,26852,4217.96,42,2020-03-11 10:09:03.475345,2023-02-11 10:09:03.475345,17,177154.32,1
713,27,non-binary,114986,496.6,82,2016-09-21 10:09:03.475345,2018-05-07 10:09:03.475345,14,40721.2,0
714,43,male,22551,2799.31,48,2021-09-06 10:09:03.475345,2022-05-25 10:09:03.475345,86,134366.88,0
715,36,female,91947,2510.43,40,2021-05-01 10:09:03.475345,2023-06-28 10:09:03.475345,6,100417.2,0
716,56,female,81001,3533.9,97,2023-08-19 10:09:03.475345,2024-06-30 10:09:03.475345,68,342788.3,0
717,20,male,69159,2676.11,63,2023-06-19 10:09:03.475345,2024-03-05 10:09:03.475345,25,168594.93,0
718,62,female,71707,2708.27,76,2021-01-11 10:09:03.475345,2024-03-09 10:09:03.475345,11,205828.52,0
719,30,female,53243,2153.68,72,2023-09-10 10:09:03.475345,2023-11-10 10:09:03.475345,1,155064.96,0
720,67,female,41800,1551.08,88,2017-05-07 10:09:03.475345,2020-05-13 10:09:03.475345,52,136495.04,0
721,45,female,95939,2416.5,80,2016-11-28 10:09:03.475345,2023-07-28 10:09:03.475345,26,193320.0,0
722,37,male,77828,601.28,4,2015-05-14 10:09:03.475345,2017-12-01 10:09:03.475345,57,2405.12,0
723,45,male,27239,4807.95,38,2023-07-17 10:09:03.475345,2024-02-16 10:09:03.475345,48,182702.1,0
724,25,female,26710,3574.91,27,2015-07-26 10:09:03.475345,2017-02-01 10:09:03.475345,49,96522.57,0
725,58,female,41384,4762.81,9,2021-09-30 10:09:03.475345,2024-05-30 10:09:03.475345,70,42865.29,0
726,56,male,41038,1141.37,16,2022-07-11 10:09:03.475345,2024-03-14 10:09:03.475345,25,18261.92,1
727,18,female,60846,4397.91,56,2017-06-14 10:09:03.475345,2018-02-13 10:09:03.475345,17,246282.96,1
728,20,female,107983,4045.86,76,2019-01-29 10:09:03.475345,2019-08-20 10:09:03.475345,31,307485.36,0
729,30,female,87821,3388.99,31,2020-07-03 10:09:03.475345,2024-02-28 10:09:03.475345,35,105058.69,0
730,45,male,57991,3128.9,88,2015-11-15 10:09:03.475345,2016-07-13 10:09:03.475345,3,275343.2,0
731,66,female,99057,1589.58,14,2017-05-13 10:09:03.475345,2018-05-20 10:09:03.475345,2,22254.12,1
732,42,female,26971,4083.89,25,2016-09-23 10:09:03.475345,2022-01-10 10:09:03.475345,86,102097.25,0
733,50,male,49139,2512.56,34,2016-01-30 10:09:03.475345,2022-08-18 10:09:03.475345,42,85427.04,0
734,55,male,105445,363.75,67,2014-10-24 10:09:03.475345,2022-03-10 10:09:03.475345,4,24371.25,0
735,23,non-binary,97067,1571.19,24,2022-06-07 10:09:03.475345,2022-12-12 10:09:03.475345,6,37708.56,0
736,61,male,100257,4677.13,73,2021-09-08 10:09:03.475345,2022-04-02 10:09:03.475345,24,341430.49,0
737,62,female,104742,4254.89,26,2021-11-19 10:09:03.475345,2022-11-28 10:09:03.475345,28,110627.14,0
738,49,female,57711,4909.71,20,2020-09-22 10:09:03.475345,2023-02-09 10:09:03.475345,79,98194.2,1
739,62,male,26530,3143.69,64,2021-08-21 10:09:03.475345,2021-10-31 10:09:03.475345,40,201196.16,1
740,64,female,31116,1245.08,10,2019-06-30 10:09:03.475345,2021-06-21 10:09:03.475345,15,12450.8,0
741,38,male,85794,822.45,83,2015-09-02 10:09:03.475345,2023-09-20 10:09:03.475345,67,68263.35,0
742,33,female,20282,942.7,67,2022-11-09 10:09:03.475345,2024-02-21 10:09:03.475345,41,63160.9,0
743,38,male,99473,108.78,24,2022-10-11 10:09:03.475345,2024-03-06 10:09:03.475345,17,2610.72,0
744,28,female,21898,1959.5,5,2017-10-09 10:09:03.475345,2019-10-04 10:09:03.475345,52,9797.5,0
745,54,male,24135,965.22,67,2016-02-06 10:09:03.475345,2020-11-07 10:09:03.475345,89,64669.74,0
746,53,male,26629,2064.16,58,2015-03-08 10:09:03.475345,2016-07-14 10:09:03.475345,70,119721.28,0
747,52,non-binary,105120,4675.62,27,2019-02-09 10:09:03.475345,2022-04-29 10:09:03.475345,85,126241.74,0
748,36,male,109087,2158.4,80,2017-11-24 10:09:03.475345,2021-07-06 10:09:03.475345,86,172672.0,0
749,37,female,85031,4391.14,15,2019-10-27 10:09:03.475345,2021-09-15 10:09:03.475345,67,65867.1,0
750,35,male,53380,3031.47,35,2016-09-30 10:09:03.475345,2021-09-14 10:09:03.475345,41,106101.45,0
751,64,female,37071,1243.19,76,2019-09-26 10:09:03.475345,2020-01-11 10:09:03.475345,83,94482.44,1
752,58,male,40074,1785.72,53,2023-10-04 10:09:03.475345,2024-01-28 10:09:03.475345,54,94643.16,1
753,66,non-binary,110724,428.76,44,2018-12-23 10:09:03.475345,2021-05-12 10:09:03.475345,50,18865.44,1
754,31,male,87843,1673.98,26,2022-11-28 10:09:03.475345,2024-05-04 10:09:03.475345,84,43523.48,0
755,32,male,59901,3390.93,47,2021-04-11 10:09:03.475345,2023-04-03 10:09:03.475345,58,159373.71,0
756,48,male,31205,369.83,34,2022-01-15 10:09:03.475345,2022-07-21 10:09:03.475345,53,12574.22,0
757,18,male,75661,1034.95,87,2022-10-29 10:09:03.475345,2023-10-18 10:09:03.475345,51,90040.65,1
758,20,female,25906,1913.39,95,2019-11-06 10:09:03.475345,2023-07-28 10:09:03.475345,86,181772.05,0
759,33,male,22591,4910.43,50,2018-02-06 10:09:03.475345,2023-09-11 10:09:03.475345,38,245521.5,0
760,40,female,82987,3926.46,84,2019-06-05 10:09:03.475345,2023-05-30 10:09:03.475345,37,329822.64,0
761,28,male,83370,3670.1,12,2015-01-17 10:09:03.475345,2021-08-13 10:09:03.475345,13,44041.2,0
762,29,male,100685,589.79,87,2021-04-17 10:09:03.475345,2023-03-26 10:09:03.475345,5,51311.73,0
763,27,female,74400,3907.17,4,2018-06-22 10:09:03.475345,2023-10-06 10:09:03.475345,6,15628.68,0
764,49,female,45150,3928.49,87,2014-11-14 10:09:03.475345,2017-06-21 10:09:03.475345,60,341778.63,0
765,33,male,51852,3009.5,48,2022-03-12 10:09:03.475345,2024-05-26 10:09:03.475345,51,144456.0,0
766,25,male,62870,4951.91,55,2016-12-28 10:09:03.475345,2019-10-19 10:09:03.475345,67,272355.05,1
767,55,male,72756,1633.02,1,2019-08-24 10:09:03.475345,2020-09-01 10:09:03.475345,76,1633.02,0
768,29,female,76481,4706.95,89,2016-11-12 10:09:03.475345,2021-04-20 10:09:03.475345,35,418918.55,0
769,41,female,21283,4574.51,66,2018-09-18 10:09:03.475345,2021-09-13 10:09:03.475345,19,301917.66,0
770,45,male,53691,67.29,30,2023-09-27 10:09:03.475345,2024-09-13 10:09:03.475345,2,2018.7,1
771,25,female,21125,2256.08,3,2020-08-05 10:09:03.475345,2021-01-08 10:09:03.475345,81,6768.24,0
772,45,female,87065,4885.75,21,2022-11-04 10:09:03.475345,2022-12-09 10:09:03.475345,7,102600.75,1
773,53,female,46170,524.58,89,2022-12-08 10:09:03.475345,2023-02-17 10:09:03.475345,85,46687.62,0
774,43,female,28438,2743.45,84,2022-01-29 10:09:03.475345,2022-06-03 10:09:03.475345,25,230449.8,1
775,25,male,40095,4895.0,49,2019-04-15 10:09:03.475345,2020-09-18 10:09:03.475345,76,239855.0,1
776,67,male,36154,2781.92,86,2021-04-29 10:09:03.475345,2022-05-20 10:09:03.475345,81,239245.12,0
777,45,male,28004,957.18,85,2018-08-10 10:09:03.475345,2024-09-17 10:09:03.475345,11,81360.3,0
778,45,male,29752,2915.09,62,2015-07-27 10:09:03.475345,2017-10-17 10:09:03.475345,73,180735.58,0
779,54,female,75426,1030.16,97,2022-07-01 10:09:03.475345,2024-02-28 10:09:03.475345,4,99925.52,0
780,58,female,46819,2603.32,38,2022-06-04 10:09:03.475345,2024-01-17 10:09:03.475345,47,98926.16,0
781,53,male,112051,379.47,15,2016-08-09 10:09:03.475345,2016-12-12 10:09:03.475345,76,5692.05,0
782,44,male,44217,3031.36,52,2020-06-10 10:09:03.475345,2022-07-10 10:09:03.475345,72,157630.72,0
783,34,male,108708,2588.78,79,2021-04-21 10:09:03.475345,2022-05-13 10:09:03.475345,40,204513.62,0
784,26,female,52994,3703.41,46,2016-05-16 10:09:03.475345,2021-07-01 10:09:03.475345,29,170356.86,0
785,50,male,35036,3157.2,25,2022-08-13 10:09:03.475345,2024-05-19 10:09:03.475345,53,78930.0,0
786,37,female,97275,2752.54,21,2022-11-01 10:09:03.475345,2023-05-07 10:09:03.475345,66,57803.34,0
787,30,male,117756,3452.0,88,2017-05-28 10:09:03.475345,2017-10-16 10:09:03.475345,59,303776.0,0
788,45,male,69416,728.27,5,2022-01-11 10:09:03.475345,2023-10-25 10:09:03.475345,62,3641.35,0
789,65,non-binary,29587,2980.84,70,2017-10-17 10:09:03.475345,2019-11-07 10:09:03.475345,1,208658.8,0
790,46,non-binary,115665,868.83,47,2021-03-19 10:09:03.475345,2023-07-06 10:09:03.475345,1,40835.01,1
791,30,male,20645,4628.36,87,2021-03-13 10:09:03.475345,2024-09-17 10:09:03.475345,24,402667.32,0
792,63,female,50930,350.99,68,2016-07-18 10:09:03.475345,2022-01-20 10:09:03.475345,56,23867.32,0
793,52,female,101835,2157.57,91,2017-08-31 10:09:03.475345,2022-03-09 10:09:03.475345,75,196338.87,0
794,23,female,50090,3482.03,18,2017-01-27 10:09:03.475345,2024-05-19 10:09:03.475345,17,62676.54,0
795,35,male,107489,2295.53,21,2022-07-11 10:09:03.475345,2024-10-04 10:09:03.475345,38,48206.13,1
796,68,female,72142,469.56,92,2017-03-30 10:09:03.475345,2024-01-06 10:09:03.475345,87,43199.52,1
797,22,female,46475,2771.36,99,2019-12-11 10:09:03.475345,2021-01-17 10:09:03.475345,31,274364.64,0
798,64,female,38888,3211.74,86,2021-02-17 10:09:03.475345,2022-12-10 10:09:03.475345,39,276209.64,0
799,42,male,63732,3521.92,23,2022-08-16 10:09:03.475345,2023-01-03 10:09:03.475345,20,81004.16,0
800,19,male,101623,1872.57,64,2015-12-26 10:09:03.475345,2017-11-17 10:09:03.475345,42,119844.48,0
801,27,male,66305,2822.66,67,2020-11-10 10:09:03.475345,2021-02-13 10:09:03.475345,86,189118.22,1
802,47,female,66037,2258.93,40,2021-05-07 10:09:03.475345,2021-11-10 10:09:03.475345,85,90357.2,0
803,67,male,29346,3363.56,10,2018-10-12 10:09:03.475345,2020-03-09 10:09:03.475345,85,33635.6,0
804,62,female,20587,2921.95,89,2021-12-13 10:09:03.475345,2024-01-15 10:09:03.475345,43,260053.55,0
805,22,non-binary,32763,2633.52,52,2018-04-15 10:09:03.475345,2018-04-19 10:09:03.475345,73,136943.04,0
806,50,male,79165,1255.13,72,2020-12-23 10:09:03.475345,2022-02-11 10:09:03.475345,22,90369.36,0
807,18,female,89615,20.07,75,2019-08-03 10:09:03.475345,2024-03-18 10:09:03.475345,18,1505.25,0
808,35,male,56116,878.67,61,2021-08-19 10:09:03.475345,2024-07-24 10:09:03.475345,22,53598.87,0
809,49,female,105751,594.16,64,2023-03-29 10:09:03.475345,2024-09-02 10:09:03.475345,8,38026.24,0
810,64,male,111353,2250.93,5,2020-01-03 10:09:03.475345,2023-03-13 10:09:03.475345,77,11254.65,0
811,66,female,110301,3065.17,53,2016-07-10 10:09:03.475345,2017-12-01 10:09:03.475345,22,162454.01,1
812,28,female,115648,1073.29,55,2017-01-18 10:09:03.475345,2019-03-10 10:09:03.475345,15,59030.95,0
813,38,female,45556,4695.89,37,2015-10-31 10:09:03.475345,2023-01-19 10:09:03.475345,71,173747.93,0
814,43,female,79042,43.34,56,2021-12-14 10:09:03.475345,2024-03-29 10:09:03.475345,20,2427.04,0
815,42,female,38099,3863.78,59,2020-03-02 10:09:03.475345,2024-10-10 10:09:03.475345,40,227963.02,0
816,39,female,65096,3129.77,93,2016-09-14 10:09:03.475345,2019-11-26 10:09:03.475345,41,291068.61,0
817,44,female,91986,1874.04,69,2017-06-02 10:09:03.475345,2022-10-10 10:09:03.475345,21,129308.76,0
818,66,female,33230,261.94,73,2014-11-18 10:09:03.475345,2015-03-12 10:09:03.475345,33,19121.62,0
819,30,male,49009,3141.16,59,2016-12-11 10:09:03.475345,2021-06-20 10:09:03.475345,84,185328.44,1
820,50,female,90969,1934.21,2,2020-08-10 10:09:03.475345,2023-03-30 10:09:03.475345,46,3868.42,0
821,51,female,53866,4681.97,65,2015-11-09 10:09:03.475345,2020-06-10 10:09:03.475345,71,304328.05,0
822,58,female,104246,2714.53,60,2019-02-10 10:09:03.475345,2024-03-09 10:09:03.475345,38,162871.8,0
823,52,male,96975,4698.86,51,2022-10-29 10:09:03.475345,2024-02-14 10:09:03.475345,41,239641.86,0
824,18,female,61855,1110.21,30,2017-02-15 10:09:03.475345,2022-12-20 10:09:03.475345,47,33306.3,0
825,38,male,101557,3631.37,11,2022-07-18 10:09:03.475345,2024-01-02 10:09:03.475345,47,39945.07,0
826,65,female,26416,3090.07,92,2023-05-04 10:09:03.475345,2023-05-17 10:09:03.475345,36,284286.44,0
827,23,male,92516,3699.65,76,2022-12-25 10:09:03.475345,2023-03-13 10:09:03.475345,81,281173.4,0
828,45,female,75915,1081.19,39,2023-01-10 10:09:03.475345,2023-11-22 10:09:03.475345,86,42166.41,0
829,34,non-binary,38058,3328.32,90,2017-01-17 10:09:03.475345,2021-03-09 10:09:03.475345,38,299548.8,0
830,22,male,96637,2495.22,77,2015-05-09 10:09:03.475345,2016-05-07 10:09:03.475345,28,192131.94,1
831,48,non-binary,60718,3716.7,72,2018-03-09 10:09:03.475345,2020-10-08 10:09:03.475345,81,267602.4,0
832,22,male,52602,1641.95,63,2017-12-18 10:09:03.475345,2019-03-02 10:09:03.475345,90,103442.85,0
833,55,female,94658,4451.38,64,2023-07-02 10:09:03.475345,2024-01-30 10:09:03.475345,60,284888.32,0
834,20,female,98112,430.66,61,2018-12-16 10:09:03.475345,2023-02-13 10:09:03.475345,83,26270.26,0
835,40,female,78067,4037.87,54,2020-06-28 10:09:03.475345,2023-07-05 10:09:03.475345,40,218044.98,0
836,54,female,47516,4307.98,92,2017-03-09 10:09:03.475345,2017-07-18 10:09:03.475345,55,396334.16,0
837,54,female,107969,4088.09,94,2017-04-12 10:09:03.475345,2024-10-01 10:09:03.475345,4,384280.46,0
838,27,male,21089,2568.5,73,2022-02-26 10:09:03.475345,2024-10-04 10:09:03.475345,71,187500.5,0
839,27,male,57346,2197.54,95,2023-04-10 10:09:03.475345,2024-07-26 10:09:03.475345,79,208766.3,0
840,36,female,94663,4981.35,58,2021-01-21 10:09:03.475345,2022-05-15 10:09:03.475345,52,288918.3,0
841,34,female,30487,1153.57,85,2021-12-18 10:09:03.475345,2022-06-22 10:09:03.475345,8,98053.45,1
842,38,female,20155,2738.91,56,2015-05-28 10:09:03.475345,2016-06-18 10:09:03.475345,20,153378.96,0
843,31,female,87494,3356.67,34,2021-11-26 10:09:03.475345,2022-05-05 10:09:03.475345,11,114126.78,0
844,26,male,96229,3507.33,31,2015-10-30 10:09:03.475345,2021-04-12 10:09:03.475345,48,108727.23,0
845,63,female,58547,1028.08,52,2022-05-20 10:09:03.475345,2023-02-05 10:09:03.475345,10,53460.16,0
846,18,male,48795,3273.43,89,2021-10-10 10:09:03.475345,2022-10-09 10:09:03.475345,63,291335.27,0
847,68,female,75296,4093.66,76,2016-03-03 10:09:03.475345,2021-02-24 10:09:03.475345,11,311118.16,0
848,62,male,41447,259.59,1,2021-10-28 10:09:03.475345,2023-07-11 10:09:03.475345,74,259.59,0
849,30,male,56598,4558.49,55,2015-11-20 10:09:03.475345,2022-04-23 10:09:03.475345,50,250716.95,0
850,21,male,61814,157.23,22,2017-01-10 10:09:03.475345,2021-03-08 10:09:03.475345,67,3459.06,0
851,18,male,110751,1786.3,40,2016-09-04 10:09:03.475345,2019-10-08 10:09:03.475345,44,71452.0,0
852,66,female,95330,88.91,1,2021-10-31 10:09:03.475345,2024-03-07 10:09:03.475345,59,88.91,1
853,57,male,118745,394.95,65,2018-04-15 10:09:03.475345,2019-09-01 10:09:03.475345,16,25671.75,0
854,49,male,107960,4556.73,63,2015-05-22 10:09:03.475345,2017-02-06 10:09:03.475345,40,287073.99,1
855,51,male,83278,1780.76,54,2018-04-01 10:09:03.475345,2023-08-01 10:09:03.475345,36,96161.04,0
856,45,male,75077,2129.61,42,2017-07-17 10:09:03.475345,2020-06-05 10:09:03.475345,23,89443.62,0
857,48,male,91906,1084.57,21,2018-12-05 10:09:03.475345,2019-05-24 10:09:03.475345,5,22775.97,1
858,25,male,29528,2989.51,79,2023-02-04 10:09:03.475345,2023-05-04 10:09:03.475345,87,236171.29,0
859,56,female,113812,2978.07,81,2018-02-07 10:09:03.475345,2018-03-05 10:09:03.475345,53,241223.67,1
860,43,female,70100,1867.28,22,2022-01-14 10:09:03.475345,2022-02-04 10:09:03.475345,59,41080.16,0
861,51,female,28179,1671.84,38,2018-08-31 10:09:03.475345,2020-09-19 10:09:03.475345,1,63529.92,0
862,20,male,68781,4425.97,99,2020-11-28 10:09:03.475345,2021-08-30 10:09:03.475345,83,438171.03,1
863,67,male,75267,1922.59,80,2017-11-06 10:09:03.475345,2021-06-30 10:09:03.475345,49,153807.2,0
864,29,female,102379,2472.57,8,2018-11-14 10:09:03.475345,2020-07-06 10:09:03.475345,74,19780.56,1
865,18,female,43952,1423.69,62,2022-10-17 10:09:03.475345,2022-11-19 10:09:03.475345,5,88268.78,1
866,61,male,73798,3935.98,47,2017-02-20 10:09:03.475345,2020-10-23 10:09:03.475345,83,184991.06,0
867,22,male,118696,1993.27,17,2022-04-27 10:09:03.475345,2022-08-17 10:09:03.475345,30,33885.59,0
868,47,male,70939,2572.92,17,2020-02-03 10:09:03.475345,2023-02-02 10:09:03.475345,46,43739.64,0
869,47,male,49516,1274.25,90,2023-05-30 10:09:03.475345,2024-09-14 10:09:03.475345,90,114682.5,0
870,34,male,76526,4938.42,13,2023-06-23 10:09:03.475345,2023-09-07 10:09:03.475345,69,64199.46,0
871,65,female,30449,1464.56,17,2021-12-06 10:09:03.475345,2022-05-23 10:09:03.475345,3,24897.52,0
872,64,female,70290,3856.01,38,2016-10-22 10:09:03.475345,2018-12-02 10:09:03.475345,58,146528.38,0
873,40,female,106661,2143.2,81,2015-12-19 10:09:03.475345,2022-11-02 10:09:03.475345,53,173599.2,0
874,32,female,92954,1039.02,78,2021-12-31 10:09:03.475345,2024-06-21 10:09:03.475345,87,81043.56,1
875,54,female,42746,4000.6,45,2016-09-09 10:09:03.475345,2018-02-02 10:09:03.475345,89,180027.0,0
876,38,female,87990,1674.7,6,2015-06-07 10:09:03.475345,2023-06-12 10:09:03.475345,3,10048.2,0
877,31,female,78810,4327.31,35,2018-01-30 10:09:03.475345,2023-10-28 10:09:03.475345,3,151455.85,0
878,19,male,103297,4577.13,14,2015-12-05 10:09:03.475345,2024-04-01 10:09:03.475345,21,64079.82,0
879,28,male,35223,4300.52,72,2023-04-04 10:09:03.475345,2023-06-18 10:09:03.475345,2,309637.44,0
880,68,male,92237,184.69,61,2019-02-07 10:09:03.475345,2021-05-09 10:09:03.475345,4,11266.09,0
881,56,female,22597,3938.99,15,2019-03-21 10:09:03.475345,2019-10-06 10:09:03.475345,1,59084.85,1
882,55,female,85677,2062.58,54,2019-09-10 10:09:03.475345,2020-05-12 10:09:03.475345,58,111379.32,0
883,51,male,22659,4369.88,27,2016-01-27 10:09:03.475345,2016-02-12 10:09:03.475345,12,117986.76,0
884,55,female,106516,3193.39,13,2016-10-15 10:09:03.475345,2017-04-22 10:09:03.475345,63,41514.07,0
885,67,male,94567,4169.88,31,2017-09-09 10:09:03.475345,2023-12-28 10:09:03.475345,34,129266.28,1
886,51,female,35037,2502.16,35,2015-03-22 10:09:03.475345,2016-09-21 10:09:03.475345,71,87575.6,0
887,35,male,66738,2679.78,60,2022-08-01 10:09:03.475345,2023-09-03 10:09:03.475345,14,160786.8,0
888,47,male,91678,730.49,6,2016-09-18 10:09:03.475345,2020-11-17 10:09:03.475345,14,4382.94,0
889,32,female,32109,3922.1,69,2023-05-31 10:09:03.475345,2023-06-26 10:09:03.475345,23,270624.9,0
890,44,male,42010,2102.75,86,2018-09-15 10:09:03.475345,2019-01-19 10:09:03.475345,40,180836.5,0
891,68,male,28787,2505.4,58,2023-02-11 10:09:03.475345,2023-03-27 10:09:03.475345,19,145313.2,0
892,51,male,28472,3927.64,49,2021-01-31 10:09:03.475345,2023-08-06 10:09:03.475345,27,192454.36,1
893,69,female,43383,2998.24,23,2022-07-08 10:09:03.475345,2023-10-08 10:09:03.475345,53,68959.52,0
894,55,female,81709,1013.48,89,2017-02-27 10:09:03.475345,2021-02-11 10:09:03.475345,12,90199.72,0
895,50,male,89785,2955.26,34,2022-12-07 10:09:03.475345,2024-08-18 10:09:03.475345,79,100478.84,0
896,41,female,54518,2044.09,26,2022-07-27 10:09:03.475345,2022-12-23 10:09:03.475345,56,53146.34,0
897,32,female,73909,2352.93,47,2022-02-26 10:09:03.475345,2022-08-27 10:09:03.475345,38,110587.71,0
898,47,male,38351,151.27,5,2015-02-07 10:09:03.475345,2023-10-23 10:09:03.475345,78,756.35,0
899,59,male,89624,1058.05,90,2021-03-23 10:09:03.475345,2022-06-11 10:09:03.475345,17,95224.5,0
900,68,male,73330,1412.38,20,2016-10-16 10:09:03.475345,2019-12-18 10:09:03.475345,41,28247.6,0
901,34,male,35282,3567.67,6,2023-05-11 10:09:03.475345,2024-09-19 10:09:03.475345,6,21406.02,0
902,22,female,104866,67.35,70,2022-07-09 10:09:03.475345,2022-09-12 10:09:03.475345,15,4714.5,0
903,46,male,41778,2049.8,59,2015-12-18 10:09:03.475345,2022-05-22 10:09:03.475345,36,120938.2,0
904,21,female,44264,4620.89,64,2021-09-28 10:09:03.475345,2023-03-20 10:09:03.475345,63,295736.96,0
905,27,female,79675,568.28,18,2016-10-27 10:09:03.475345,2019-10-07 10:09:03.475345,65,10229.04,0
906,34,male,25075,2586.96,4,2020-06-06 10:09:03.475345,2021-11-11 10:09:03.475345,43,10347.84,1
907,27,female,95948,3934.75,17,2016-04-02 10:09:03.475345,2016-04-25 10:09:03.475345,40,66890.75,0
908,34,male,68454,4713.23,14,2016-12-01 10:09:03.475345,2024-03-07 10:09:03.475345,86,65985.22,0
909,37,non-binary,48365,3736.42,78,2020-04-15 10:09:03.475345,2020-10-10 10:09:03.475345,69,291440.76,1
910,41,female,92766,3605.62,13,2023-09-03 10:09:03.475345,2023-11-06 10:09:03.475345,39,46873.06,1
911,22,female,68200,4134.18,7,2015-05-24 10:09:03.475345,2023-03-03 10:09:03.475345,12,28939.26,0
912,51,female,31002,2236.54,44,2023-06-22 10:09:03.475345,2024-08-16 10:09:03.475345,22,98407.76,0
913,23,male,33947,4031.16,15,2022-08-31 10:09:03.475345,2024-03-13 10:09:03.475345,63,60467.4,0
914,19,female,99222,49.74,19,2015-12-22 10:09:03.475345,2018-07-28 10:09:03.475345,41,945.06,0
915,30,female,114840,4623.56,63,2019-01-20 10:09:03.475345,2021-08-24 10:09:03.475345,46,291284.28,0
916,60,female,98610,2222.1,35,2015-11-24 10:09:03.475345,2017-01-08 10:09:03.475345,61,77773.5,0
917,60,female,72142,2771.37,81,2015-11-07 10:09:03.475345,2021-07-16 10:09:03.475345,44,224480.97,0
918,65,female,76307,1281.86,35,2020-07-02 10:09:03.475345,2023-02-24 10:09:03.475345,79,44865.1,0
919,28,male,24493,3715.23,19,2015-10-10 10:09:03.475345,2018-09-04 10:09:03.475345,7,70589.37,0
920,68,male,70085,392.41,20,2019-12-19 10:09:03.475345,2024-06-15 10:09:03.475345,8,7848.2,0
921,64,female,54228,4364.45,35,2021-02-28 10:09:03.475345,2022-04-15 10:09:03.475345,30,152755.75,0
922,40,male,99676,4142.3,32,2014-11-23 10:09:03.475345,2018-03-19 10:09:03.475345,88,132553.6,0
923,33,female,71875,1088.14,48,2020-07-09 10:09:03.475345,2020-08-29 10:09:03.475345,9,52230.72,0
924,48,female,51655,4048.53,44,2015-05-15 10:09:03.475345,2015-12-17 10:09:03.475345,18,178135.32,0
925,28,male,63472,3933.93,24,2018-11-26 10:09:03.475345,2020-07-09 10:09:03.475345,24,94414.32,0
926,33,male,69437,3164.76,61,2023-06-29 10:09:03.475345,2024-01-30 10:09:03.475345,69,193050.36,1
927,25,female,69416,1873.87,17,2016-06-06 10:09:03.475345,2019-03-22 10:09:03.475345,66,31855.79,0
928,21,male,79711,1364.78,71,2019-05-17 10:09:03.475345,2024-06-16 10:09:03.475345,24,96899.38,0
929,57,female,26816,1166.6,50,2015-05-15 10:09:03.475345,2017-03-31 10:09:03.475345,75,58330.0,1
930,21,male,97175,1599.86,65,2018-08-29 10:09:03.475345,2020-01-07 10:09:03.475345,85,103990.9,0
931,42,female,84307,4518.76,99,2015-04-25 10:09:03.475345,2020-10-05 10:09:03.475345,78,447357.24,0
932,20,male,66733,397.43,32,2023-08-14 10:09:03.475345,2024-08-14 10:09:03.475345,82,12717.76,1
933,49,female,115028,4146.07,36,2022-01-17 10:09:03.475345,2024-01-28 10:09:03.475345,11,149258.52,0
934,20,male,31240,1750.96,13,2022-07-31 10:09:03.475345,2024-02-11 10:09:03.475345,28,22762.48,0
935,44,female,118234,2612.78,70,2023-06-25 10:09:03.475345,2023-08-12 10:09:03.475345,13,182894.6,0
936,46,male,112493,3974.48,58,2023-09-06 10:09:03.475345,2023-09-16 10:09:03.475345,72,230519.84,0
937,49,female,118344,4423.04,14,2023-04-15 10:09:03.475345,2024-08-09 10:09:03.475345,49,61922.56,0
938,67,female,91363,1730.46,37,2022-03-11 10:09:03.475345,2022-09-10 10:09:03.475345,63,64027.02,0
939,68,male,52762,2314.6,79,2017-02-21 10:09:03.475345,2019-09-14 10:09:03.475345,21,182853.4,0
940,36,male,28259,2078.44,68,2014-11-29 10:09:03.475345,2017-12-26 10:09:03.475345,27,141333.92,0
941,38,male,70139,76.12,40,2018-11-29 10:09:03.475345,2020-10-13 10:09:03.475345,74,3044.8,0
942,22,female,34849,1486.76,59,2020-05-29 10:09:03.475345,2024-06-07 10:09:03.475345,20,87718.84,0
943,35,female,101768,2301.35,80,2020-05-07 10:09:03.475345,2023-11-25 10:09:03.475345,84,184108.0,0
944,45,female,109709,2061.36,92,2022-11-21 10:09:03.475345,2024-05-16 10:09:03.475345,77,189645.12,0
945,59,male,74869,3612.43,16,2021-10-23 10:09:03.475345,2022-05-02 10:09:03.475345,40,57798.88,0
946,39,male,83095,1930.17,62,2023-05-29 10:09:03.475345,2024-09-14 10:09:03.475345,90,119670.54,0
947,38,female,90910,2451.99,4,2023-06-02 10:09:03.475345,2023-10-29 10:09:03.475345,50,9807.96,0
948,23,female,106710,2153.75,45,2020-05-23 10:09:03.475345,2022-08-02 10:09:03.475345,87,96918.75,0
949,18,non-binary,43567,3705.72,90,2015-07-26 10:09:03.475345,2020-04-28 10:09:03.475345,42,333514.8,1
950,22,male,55292,4316.23,28,2020-11-01 10:09:03.475345,2024-08-22 10:09:03.475345,42,120854.44,0
951,58,female,94813,2664.13,96,2021-10-26 10:09:03.475345,2023-04-03 10:09:03.475345,54,255756.48,0
952,29,male,117136,3949.27,66,2019-04-15 10:09:03.475345,2021-11-21 10:09:03.475345,71,260651.82,0
953,43,male,71631,1490.97,31,2019-02-27 10:09:03.475345,2021-02-11 10:09:03.475345,12,46220.07,1
954,63,female,29885,2711.43,3,2016-04-04 10:09:03.475345,2024-08-19 10:09:03.475345,45,8134.29,0
955,51,female,79659,1732.7,8,2016-09-11 10:09:03.475345,2017-01-06 10:09:03.475345,70,13861.6,0
956,66,non-binary,74306,2076.86,24,2020-07-06 10:09:03.475345,2023-07-10 10:09:03.475345,59,49844.64,0
957,31,male,86314,3664.75,15,2020-11-22 10:09:03.475345,2024-01-01 10:09:03.475345,59,54971.25,0
958,43,male,85087,4409.5,43,2018-12-21 10:09:03.475345,2023-10-28 10:09:03.475345,90,189608.5,0
959,62,female,49165,616.26,31,2021-09-30 10:09:03.475345,2024-03-21 10:09:03.475345,85,19104.06,0
960,44,female,78929,3176.85,73,2022-07-22 10:09:03.475345,2023-07-30 10:09:03.475345,68,231910.05,1
961,26,male,87028,2914.9,45,2022-02-13 10:09:03.475345,2024-09-14 10:09:03.475345,70,131170.5,0
962,43,male,115998,600.89,66,2017-12-19 10:09:03.475345,2021-12-28 10:09:03.475345,33,39658.74,0
963,64,male,69812,1067.35,8,2017-12-18 10:09:03.475345,2022-11-09 10:09:03.475345,47,8538.8,1
964,39,female,70500,1561.9,71,2015-10-11 10:09:03.475345,2023-06-29 10:09:03.475345,28,110894.9,0
965,64,male,99151,842.99,57,2023-09-08 10:09:03.475345,2024-02-01 10:09:03.475345,81,48050.43,0
966,47,male,78643,1226.21,80,2018-02-27 10:09:03.475345,2022-05-05 10:09:03.475345,5,98096.8,0
967,60,male,64900,1345.33,99,2020-04-01 10:09:03.475345,2022-02-28 10:09:03.475345,64,133187.67,0
968,65,male,62946,1685.01,30,2017-09-20 10:09:03.475345,2020-01-12 10:09:03.475345,46,50550.3,0
969,34,male,27851,3749.46,74,2018-01-03 10:09:03.475345,2020-08-09 10:09:03.475345,12,277460.04,0
970,43,female,36288,2863.84,18,2023-02-02 10:09:03.475345,2023-08-21 10:09:03.475345,51,51549.12,0
971,53,male,92692,4931.37,69,2020-10-05 10:09:03.475345,2022-08-22 10:09:03.475345,3,340264.53,0
972,18,female,87580,2079.53,93,2015-08-09 10:09:03.475345,2019-06-04 10:09:03.475345,16,193396.29,0
973,25,male,27368,3771.79,39,2015-12-03 10:09:03.475345,2017-03-19 10:09:03.475345,5,147099.81,0
974,66,female,105436,4358.63,60,2016-08-18 10:09:03.475345,2024-05-06 10:09:03.475345,86,261517.8,0
975,52,female,116136,3398.1,98,2017-06-30 10:09:03.475345,2024-08-12 10:09:03.475345,70,333013.8,0
976,69,female,66403,2065.21,43,2021-04-30 10:09:03.475345,2024-09-16 10:09:03.475345,60,88804.03,0
977,32,female,111170,3770.44,45,2019-09-29 10:09:03.475345,2020-03-14 10:09:03.475345,84,169669.8,0
978,64,male,29168,1026.3,23,2023-08-16 10:09:03.475345,2023-12-15 10:09:03.475345,86,23604.9,1
979,39,male,106497,1644.49,69,2016-04-03 10:09:03.475345,2022-02-25 10:09:03.475345,80,113469.81,0
980,31,female,69879,2737.96,94,2021-12-10 10:09:03.475345,2022-01-04 10:09:03.475345,42,257368.24,0
981,43,non-binary,79871,2881.29,6,2016-02-08 10:09:03.475345,2020-08-11 10:09:03.475345,28,17287.74,0
982,45,female,109388,120.49,56,2021-12-18 10:09:03.475345,2023-11-25 10:09:03.475345,68,6747.44,0
983,40,female,118646,4726.12,4,2019-10-05 10:09:03.475345,2022-10-10 10:09:03.475345,11,18904.48,0
984,31,female,52174,3486.17,93,2017-10-13 10:09:03.475345,2018-04-27 10:09:03.475345,16,324213.81,0
985,41,male,119751,2483.56,23,2018-02-08 10:09:03.475345,2019-01-05 10:09:03.475345,50,57121.88,0
986,19,male,112491,4666.3,6,2019-12-27 10:09:03.475345,2021-01-14 10:09:03.475345,86,27997.8,0
987,62,female,26581,2201.09,32,2017-06-29 10:09:03.475345,2024-01-15 10:09:03.475345,53,70434.88,0
988,43,female,91853,4902.37,18,2017-08-29 10:09:03.475345,2023-12-06 10:09:03.475345,82,88242.66,0
989,31,male,84046,2566.3,15,2021-02-10 10:09:03.475345,2022-06-22 10:09:03.475345,65,38494.5,0
990,68,female,69678,580.29,40,2020-08-15 10:09:03.475345,2023-10-20 10:09:03.475345,8,23211.6,0
991,24,male,46649,3826.36,96,2020-07-27 10:09:03.475345,2024-05-19 10:09:03.475345,32,367330.56,0
992,20,female,108668,3397.7,73,2018-12-16 10:09:03.475345,2019-07-28 10:09:03.475345,44,248032.1,0
993,64,male,102325,3867.2,74,2020-01-06 10:09:03.475345,2021-01-02 10:09:03.475345,27,286172.8,0
994,40,male,34567,4757.7,84,2015-03-21 10:09:03.475345,2024-08-23 10:09:03.475345,28,399646.8,0
995,63,female,100404,3884.68,6,2019-11-03 10:09:03.475345,2023-06-05 10:09:03.475345,9,23308.08,0
996,60,male,109906,3060.57,63,2019-10-31 10:09:03.475345,2021-05-20 10:09:03.475345,37,192815.91,0
997,64,female,116019,4287.97,67,2022-10-05 10:09:03.475345,2023-11-06 10:09:03.475345,87,287293.99,0
998,62,female,81944,3369.5,11,2014-11-26 10:09:03.475345,2018-06-04 10:09:03.475345,85,37064.5,0
999,35,female,98002,2046.51,43,2015-07-29 10:09:03.475345,2018-08-27 10:09:03.475345,21,87999.93,0
1000,55,male,48803,4429.24,17,2022-04-18 10:09:03.475345,2023-10-17 10:09:03.475345,8,75297.08,1
